"Data","Último","Abertura","Máxima","Mínima","Vol.","Var%"
"19.09.2025","5,3238","5,3126","5,3398","5,3043","","0,19%"
"18.09.2025","5,3138","5,3058","5,3195","5,2695","","0,15%"
"17.09.2025","5,3059","5,2968","5,3137","5,2753","","0,16%"
"16.09.2025","5,2972","5,3173","5,3224","5,2913","","-0,37%"
"15.09.2025","5,3168","5,3520","5,3581","5,3087","","-0,71%"
"12.09.2025","5,3549","5,3896","5,4050","5,3439","","-0,66%"
"11.09.2025","5,3903","5,4080","5,4241","5,3736","","-0,34%"
"10.09.2025","5,4087","5,4392","5,4409","5,3987","","-0,57%"
"09.09.2025","5,4398","5,4196","5,4435","5,4135","","0,37%"
"08.09.2025","5,4196","5,4130","5,4487","5,4003","","0,11%"
"05.09.2025","5,4134","5,4473","5,4499","5,3820","","-0,60%"
"04.09.2025","5,4462","5,4519","5,4723","5,4415","","-0,10%"
"03.09.2025","5,4516","5,4649","5,4720","5,4340","","-0,25%"
"02.09.2025","5,4650","5,4399","5,5017","5,4383","","0,45%"
"01.09.2025","5,4403","5,4237","5,4499","5,4150","","0,18%"
"29.08.2025","5,4304","5,4134","5,4430","5,4113","","0,32%"
"28.08.2025","5,4129","5,4188","5,4317","5,3947","","-0,09%"
"27.08.2025","5,4178","5,4311","5,4584","5,4147","","-0,24%"
"26.08.2025","5,4311","5,4121","5,4501","5,3987","","0,35%"
"25.08.2025","5,4121","5,4234","5,4365","5,4014","","-0,20%"
"22.08.2025","5,4227","5,4750","5,4778","5,4078","","-0,88%"
"21.08.2025","5,4710","5,4831","5,4961","5,4662","","-0,22%"
"20.08.2025","5,4829","5,5036","5,5061","5,4620","","-0,38%"
"19.08.2025","5,5040","5,4372","5,5083","5,4309","","1,24%"
"18.08.2025","5,4368","5,4009","5,4407","5,3980","","0,66%"
"15.08.2025","5,4009","5,4160","5,4165","5,3845","","-0,28%"
"14.08.2025","5,4160","5,3990","5,4320","5,3895","","0,31%"
"13.08.2025","5,3991","5,3890","5,4114","5,3800","","0,18%"
"12.08.2025","5,3895","5,4428","5,4461","5,3848","","-0,97%"
"11.08.2025","5,4424","5,4338","5,4597","5,4318","","0,15%"
"08.08.2025","5,4340","5,4236","5,4430","5,4131","","0,19%"
"07.08.2025","5,4236","5,4643","5,4765","5,4158","","-0,72%"
"06.08.2025","5,4632","5,5081","5,5116","5,4580","","-0,80%"
"05.08.2025","5,5075","5,4984","5,5356","5,4969","","0,16%"
"04.08.2025","5,4988","5,5421","5,5439","5,4952","","-0,78%"
"01.08.2025","5,5420","5,6003","5,6286","5,5252","","-1,06%"
"31.07.2025","5,6015","5,5695","5,6248","5,5213","","0,57%"
"30.07.2025","5,5695","5,5744","5,6307","5,5438","","-0,09%"
"29.07.2025","5,5747","5,5893","5,6067","5,5588","","-0,25%"
"28.07.2025","5,5888","5,5642","5,6063","5,5642","","0,46%"
"25.07.2025","5,5633","5,5213","5,5740","5,5183","","0,76%"
"24.07.2025","5,5215","5,5214","5,5398","5,5115","","0,01%"
"23.07.2025","5,5212","5,5653","5,5781","5,5147","","-0,80%"
"22.07.2025","5,5657","5,5674","5,5908","5,5514","","-0,03%"
"21.07.2025","5,5671","5,5795","5,6115","5,5503","","-0,21%"
"18.07.2025","5,5790","5,5475","5,5984","5,5228","","0,61%"
"17.07.2025","5,5449","5,5689","5,6103","5,5370","","-0,43%"
"16.07.2025","5,5690","5,5571","5,5952","5,5409","","0,21%"
"15.07.2025","5,5571","5,5896","5,6049","5,5345","","-0,58%"
"14.07.2025","5,5893","5,5598","5,5937","5,5440","","0,55%"
"11.07.2025","5,5589","5,5319","5,5925","5,5294","","0,48%"
"10.07.2025","5,5321","5,5771","5,6285","5,5243","","-0,80%"
"09.07.2025","5,5766","5,4471","5,6057","5,4451","","2,37%"
"08.07.2025","5,4474","5,4884","5,4918","5,4353","","-0,74%"
"07.07.2025","5,4880","5,4211","5,4891","5,4210","","1,23%"
"04.07.2025","5,4212","5,4092","5,4266","5,4022","","0,23%"
"03.07.2025","5,4090","5,4244","5,4475","5,4026","","-0,28%"
"02.07.2025","5,4240","5,4585","5,4985","5,4151","","-0,64%"
"01.07.2025","5,4588","5,4321","5,4703","5,4183","","0,48%"
"30.06.2025","5,4326","5,4846","5,5073","5,4234","","-0,97%"
"27.06.2025","5,4856","5,4880","5,5045","5,4587","","-0,06%"
"26.06.2025","5,4890","5,5639","5,5646","5,4882","","-1,34%"
"25.06.2025","5,5637","5,5109","5,5740","5,5065","","0,95%"
"24.06.2025","5,5113","5,4957","5,5238","5,4752","","0,27%"
"23.06.2025","5,4965","5,5131","5,5437","5,4941","","-0,30%"
"20.06.2025","5,5132","5,4916","5,5277","5,4680","","0,39%"
"19.06.2025","5,4916","5,4915","5,4932","5,4870","","0,00%"
"18.06.2025","5,4917","5,4995","5,5116","5,4750","","-0,15%"
"17.06.2025","5,4997","5,4920","5,5076","5,4656","","0,14%"
"16.06.2025","5,4920","5,5437","5,5437","5,4852","","-0,94%"
"13.06.2025","5,5439","5,5375","5,5940","5,5305","","0,12%"
"12.06.2025","5,5375","5,5369","5,5596","5,5245","","0,02%"
"11.06.2025","5,5364","5,5744","5,5814","5,5218","","-0,68%"
"10.06.2025","5,5744","5,5587","5,5777","5,5384","","0,28%"
"09.06.2025","5,5588","5,5629","5,5992","5,5506","","-0,01%"
"06.06.2025","5,5594","5,5890","5,6183","5,5581","","-0,53%"
"05.06.2025","5,5893","5,6366","5,6381","5,5775","","-0,84%"
"04.06.2025","5,6368","5,6389","5,6531","5,6087","","-0,04%"
"03.06.2025","5,6393","5,6740","5,7107","5,6247","","-0,60%"
"02.06.2025","5,6734","5,7236","5,7236","5,6663","","-0,86%"
"30.05.2025","5,7227","5,6666","5,7410","5,6495","","0,99%"
"29.05.2025","5,6666","5,6897","5,7036","5,6421","","-0,39%"
"28.05.2025","5,6890","5,6417","5,7182","5,6374","","0,83%"
"27.05.2025","5,6424","5,6691","5,6747","5,6354","","-0,47%"
"26.05.2025","5,6693","5,6467","5,6787","5,6352","","0,40%"
"23.05.2025","5,6468","5,7163","5,7459","5,6432","","-1,21%"
"22.05.2025","5,7160","5,6455","5,7167","5,5946","","1,24%"
"21.05.2025","5,6458","5,6680","5,6785","5,6402","","-0,40%"
"20.05.2025","5,6682","5,6516","5,6835","5,6412","","0,29%"
"19.05.2025","5,6516","5,6638","5,6911","5,6315","","-0,21%"
"16.05.2025","5,6633","5,6821","5,7140","5,6610","","-0,33%"
"15.05.2025","5,6821","5,6378","5,6977","5,6136","","0,78%"
"14.05.2025","5,6384","5,6088","5,6390","5,5824","","0,53%"
"13.05.2025","5,6085","5,6749","5,6758","5,5950","","-1,18%"
"12.05.2025","5,6752","5,6500","5,7065","5,6498","","0,35%"
"09.05.2025","5,6556","5,6620","5,6806","5,6376","","-0,10%"
"08.05.2025","5,6615","5,7454","5,7489","5,6597","","-1,47%"
"07.05.2025","5,7459","5,7142","5,7644","5,6962","","0,57%"
"06.05.2025","5,7135","5,6879","5,7384","5,6865","","0,44%"
"05.05.2025","5,6886","5,6553","5,6905","5,6286","","0,54%"
"02.05.2025","5,6579","5,6709","5,6739","5,6259","","-0,27%"
"01.05.2025","5,6734","5,6734","5,6734","5,6734","","-0,02%"
"30.04.2025","5,6748","5,6200","5,6871","5,6031","","0,96%"
"29.04.2025","5,6210","5,6544","5,6633","5,6191","","-0,59%"
"28.04.2025","5,6546","5,6872","5,7005","5,6460","","-0,52%"
"25.04.2025","5,6841","5,6823","5,7077","5,6641","","0,01%"
"24.04.2025","5,6833","5,7068","5,7114","5,6622","","-0,46%"
"23.04.2025","5,7096","5,7251","5,7286","5,6558","","-0,28%"
"22.04.2025","5,7255","5,8070","5,8073","5,7180","","-1,40%"
"21.04.2025","5,8067","5,8073","5,8073","5,8070","","0,00%"
"18.04.2025","5,8067","5,8073","5,8119","5,8066","","0,01%"
"17.04.2025","5,8063","5,8667","5,8887","5,7964","","-1,02%"
"16.04.2025","5,8664","5,8868","5,9160","5,8520","","-0,33%"
"15.04.2025","5,8859","5,8530","5,9044","5,8330","","0,53%"
"14.04.2025","5,8551","5,8658","5,8753","5,8279","","-0,17%"
"11.04.2025","5,8648","5,8855","5,9200","5,8168","","-0,35%"
"10.04.2025","5,8856","5,8219","5,9556","5,8177","","1,10%"
"09.04.2025","5,8215","6,0116","6,0966","5,8218","","-3,15%"
"08.04.2025","6,0109","5,9143","6,0199","5,8597","","1,64%"
"07.04.2025","5,9139","5,8441","5,9325","5,8156","","1,22%"
"04.04.2025","5,8425","5,6286","5,8541","5,6271","","3,79%"
"03.04.2025","5,6290","5,6635","5,6657","5,5929","","-0,56%"
"02.04.2025","5,6607","5,6818","5,7148","5,6487","","-0,37%"
"01.04.2025","5,6815","5,7052","5,7334","5,6729","","-0,41%"
"31.03.2025","5,7047","5,7585","5,7861","5,7007","","-0,97%"
"28.03.2025","5,7604","5,7460","5,7825","5,7390","","0,26%"
"27.03.2025","5,7452","5,7362","5,7715","5,7220","","0,16%"
"26.03.2025","5,7359","5,6998","5,7483","5,6933","","0,65%"
"25.03.2025","5,6989","5,7652","5,7661","5,6773","","-1,14%"
"24.03.2025","5,7646","5,7291","5,7726","5,7021","","0,62%"
"21.03.2025","5,7291","5,6804","5,7347","5,6754","","0,87%"
"20.03.2025","5,6797","5,6499","5,6816","5,6452","","0,55%"
"19.03.2025","5,6485","5,6713","5,6914","5,6320","","-0,39%"
"18.03.2025","5,6705","5,6836","5,7145","5,6556","","-0,23%"
"17.03.2025","5,6835","5,7410","5,7421","5,6657","","-0,96%"
"14.03.2025","5,7385","5,8002","5,8096","5,7094","","-1,04%"
"13.03.2025","5,7990","5,7993","5,8365","5,7912","","0,02%"
"12.03.2025","5,7978","5,8109","5,8476","5,7853","","-0,22%"
"11.03.2025","5,8103","5,8573","5,8574","5,8031","","-0,77%"
"10.03.2025","5,8555","5,7912","5,8732","5,7722","","1,18%"
"07.03.2025","5,7874","5,7646","5,8005","5,7511","","0,41%"
"06.03.2025","5,7639","5,7400","5,7810","5,7323","","0,43%"
"05.03.2025","5,7394","5,8854","5,8854","5,7387","","-2,48%"
"04.03.2025","5,8852","5,8852","5,8852","5,8852","","0,00%"
"03.03.2025","5,8852","5,8852","5,8852","5,8852","","0,00%"
"28.02.2025","5,8852","5,8351","5,9184","5,8227","","0,77%"
"27.02.2025","5,8401","5,8170","5,8413","5,7957","","0,63%"
"26.02.2025","5,8035","5,7420","5,8188","5,7333","","1,11%"
"25.02.2025","5,7396","5,7708","5,8137","5,7386","","-0,67%"
"24.02.2025","5,7785","5,7302","5,7825","5,7068","","0,81%"
"21.02.2025","5,7320","5,7027","5,7368","5,6936","","0,51%"
"20.02.2025","5,7029","5,7218","5,7218","5,6861","","-0,32%"
"19.02.2025","5,7214","5,6930","5,7329","5,6825","","0,57%"
"18.02.2025","5,6892","5,7102","5,7253","5,6752","","-0,42%"
"17.02.2025","5,7130","5,7033","5,7237","5,6950","","0,15%"
"14.02.2025","5,7042","5,7673","5,7707","5,6928","","-1,09%"
"13.02.2025","5,7669","5,7642","5,7997","5,7548","","0,03%"
"12.02.2025","5,7649","5,7653","5,7878","5,7429","","0,02%"
"11.02.2025","5,7635","5,7877","5,8078","5,7571","","-0,41%"
"10.02.2025","5,7874","5,8095","5,8243","5,7638","","-0,32%"
"07.02.2025","5,8058","5,7622","5,8131","5,7349","","0,77%"
"06.02.2025","5,7617","5,8044","5,8246","5,7485","","-0,61%"
"05.02.2025","5,7973","5,7586","5,8179","5,7491","","0,75%"
"04.02.2025","5,7540","5,8008","5,8271","5,7527","","-0,91%"
"03.02.2025","5,8066","5,8404","5,9052","5,7951","","-0,59%"
"31.01.2025","5,8410","5,8735","5,8735","5,8106","","-0,56%"
"30.01.2025","5,8740","5,8706","5,9332","5,8473","","0,30%"
"29.01.2025","5,8563","5,8633","5,8892","5,8420","","-0,01%"
"28.01.2025","5,8571","5,8953","5,9205","5,8557","","-0,60%"
"27.01.2025","5,8926","5,9447","5,9560","5,8926","","-0,31%"
"24.01.2025","5,9109","5,9247","5,9250","5,8674","","-0,23%"
"23.01.2025","5,9243","5,9423","5,9706","5,8733","","-0,29%"
"22.01.2025","5,9415","6,0222","6,0273","5,9155","","-1,34%"
"21.01.2025","6,0220","6,0319","6,0680","6,0168","","-0,16%"
"20.01.2025","6,0315","6,0691","6,0862","6,0268","","-0,64%"
"17.01.2025","6,0704","6,0551","6,0905","6,0266","","0,34%"
"16.01.2025","6,0499","6,0104","6,0708","5,9935","","0,67%"
"15.01.2025","6,0098","6,0560","6,0701","6,0043","","-0,76%"
"14.01.2025","6,0559","6,0979","6,0979","6,0406","","-0,63%"
"13.01.2025","6,0944","6,1100","6,1358","6,0748","","-0,18%"
"10.01.2025","6,1053","6,0365","6,1235","6,0299","","1,14%"
"09.01.2025","6,0364","6,1058","6,1223","6,0319","","-1,13%"
"08.01.2025","6,1055","6,1013","6,1565","6,1013","","0,07%"
"07.01.2025","6,1010","6,1156","6,1189","6,0535","","-0,23%"
"06.01.2025","6,1152","6,1817","6,1820","6,0920","","-1,05%"
"03.01.2025","6,1798","6,1522","6,2011","6,1357","","0,45%"
"02.01.2025","6,1519","6,1847","6,2284","6,1446","","-0,52%"
"01.01.2025","6,1840","6,1847","6,1847","6,1847","","0,10%"
"31.12.2024","6,1778","6,1778","6,1778","6,1778","","0,00%"
"30.12.2024","6,1778","6,2030","6,2428","6,1518","","-0,30%"
"27.12.2024","6,1964","6,1834","6,2159","6,1693","","0,22%"
"26.12.2024","6,1828","6,1602","6,1982","6,1462","","-0,13%"
"25.12.2024","6,1906","6,1906","6,1906","6,1906","","0,00%"
"24.12.2024","6,1906","6,1919","6,1937","6,1913","","-0,05%"
"23.12.2024","6,1939","6,0799","6,2020","6,0799","","1,78%"
"20.12.2024","6,0853","6,1443","6,1493","6,0435","","-1,09%"
"19.12.2024","6,1525","6,2446","6,3007","6,1051","","-2,18%"
"18.12.2024","6,2896","6,0981","6,3144","6,0937","","3,03%"
"17.12.2024","6,1048","6,1463","6,2097","6,0580","","-0,70%"
"16.12.2024","6,1479","6,0464","6,1500","6,0246","","1,75%"
"13.12.2024","6,0419","5,9976","6,0778","5,9740","","0,84%"
"12.12.2024","5,9915","5,9549","6,0494","5,8664","","0,62%"
"11.12.2024","5,9543","6,0456","6,0733","5,9405","","-1,50%"
"10.12.2024","6,0450","6,0793","6,0835","6,0170","","-0,56%"
"09.12.2024","6,0788","6,0897","6,0904","6,0369","","-0,17%"
"06.12.2024","6,0894","6,0116","6,0952","5,9836","","1,30%"
"05.12.2024","6,0113","6,0381","6,0384","5,9598","","-0,49%"
"04.12.2024","6,0409","6,0413","6,0738","6,0198","","-0,05%"
"03.12.2024","6,0440","6,0584","6,0957","6,0285","","-0,23%"
"02.12.2024","6,0580","6,0002","6,0914","6,0002","","1,42%"
"29.11.2024","5,9730","6,0037","6,1159","5,9557","","-0,69%"
"28.11.2024","6,0142","5,9710","6,0230","5,9458","","1,29%"
"27.11.2024","5,9377","5,8122","5,9401","5,8033","","2,21%"
"26.11.2024","5,8095","5,8113","5,8335","5,7804","","0,19%"
"25.11.2024","5,7983","5,7867","5,8212","5,7755","","-0,05%"
"22.11.2024","5,8010","5,8142","5,8326","5,7879","","-0,23%"
"21.11.2024","5,8144","5,7759","5,8337","5,7755","","0,73%"
"20.11.2024","5,7725","5,7731","5,7759","5,7727","","0,05%"
"19.11.2024","5,7694","5,7469","5,7978","5,7450","","0,38%"
"18.11.2024","5,7473","5,7951","5,8003","5,7351","","-0,82%"
"15.11.2024","5,7947","5,7956","5,7964","5,7950","","0,10%"
"14.11.2024","5,7890","5,8032","5,8296","5,7602","","-0,29%"
"13.11.2024","5,8061","5,7482","5,8183","5,7218","","0,99%"
"12.11.2024","5,7490","5,7546","5,7990","5,7463","","-0,12%"
"11.11.2024","5,7559","5,7756","5,8167","5,7505","","0,32%"
"08.11.2024","5,7376","5,6926","5,7910","5,6912","","0,80%"
"07.11.2024","5,6923","5,6774","5,7239","5,6336","","0,23%"
"06.11.2024","5,6793","5,7512","5,8625","5,6644","","-1,24%"
"05.11.2024","5,7508","5,7699","5,8054","5,7393","","-0,70%"
"04.11.2024","5,7916","5,8681","5,8697","5,7558","","-1,30%"
"01.11.2024","5,8681","5,7885","5,8754","5,7620","","1,41%"
"31.10.2024","5,7867","5,7624","5,7949","5,7534","","0,41%"
"30.10.2024","5,7630","5,7610","5,7928","5,7545","","0,05%"
"29.10.2024","5,7604","5,7103","5,7673","5,6974","","0,89%"
"28.10.2024","5,7096","5,7076","5,7206","5,6855","","0,04%"
"25.10.2024","5,7073","5,6662","5,7137","5,6617","","0,76%"
"24.10.2024","5,6643","5,6909","5,7205","5,6606","","-0,42%"
"23.10.2024","5,6884","5,6904","5,7326","5,6848","","-0,02%"
"22.10.2024","5,6894","5,6943","5,7182","5,6743","","-0,08%"
"21.10.2024","5,6939","5,6898","5,7354","5,6867","","0,05%"
"18.10.2024","5,6912","5,6554","5,7031","5,6289","","0,65%"
"17.10.2024","5,6546","5,6652","5,6896","5,6519","","-0,19%"
"16.10.2024","5,6652","5,6507","5,7007","5,6297","","0,27%"
"15.10.2024","5,6502","5,5952","5,6656","5,5797","","1,03%"
"14.10.2024","5,5928","5,6121","5,6522","5,5643","","-0,35%"
"11.10.2024","5,6126","5,5831","5,6537","5,5572","","0,55%"
"10.10.2024","5,5821","5,5943","5,6050","5,5665","","-0,21%"
"09.10.2024","5,5941","5,5350","5,5995","5,5306","","1,07%"
"08.10.2024","5,5349","5,4918","5,5395","5,4897","","0,82%"
"07.10.2024","5,4900","5,4557","5,4927","5,4200","","0,63%"
"04.10.2024","5,4555","5,4778","5,5199","5,4513","","-0,37%"
"03.10.2024","5,4759","5,4417","5,5116","5,4385","","0,65%"
"02.10.2024","5,4407","5,4377","5,4608","5,4037","","0,07%"
"01.10.2024","5,4368","5,4500","5,4788","5,4296","","-0,21%"
"30.09.2024","5,4482","5,4347","5,4740","5,4025","","0,28%"
"27.09.2024","5,4329","5,4399","5,4583","5,4266","","-0,08%"
"26.09.2024","5,4375","5,4749","5,4781","5,4045","","-0,73%"
"25.09.2024","5,4774","5,4556","5,4974","5,4397","","0,42%"
"24.09.2024","5,4547","5,5374","5,5422","5,4460","","-1,48%"
"23.09.2024","5,5364","5,5104","5,6005","5,5104","","0,47%"
"20.09.2024","5,5103","5,4265","5,5247","5,4153","","1,55%"
"19.09.2024","5,4263","5,4616","5,4665","5,3938","","-0,64%"
"18.09.2024","5,4612","5,4833","5,4965","5,4093","","-0,39%"
"17.09.2024","5,4825","5,5108","5,5161","5,4781","","-0,50%"
"16.09.2024","5,5100","5,5677","5,5818","5,4973","","-0,97%"
"13.09.2024","5,5640","5,6284","5,6308","5,5437","","-1,13%"
"12.09.2024","5,6276","5,6633","5,6769","5,6143","","-0,60%"
"11.09.2024","5,6618","5,6608","5,6744","5,6062","","0,06%"
"10.09.2024","5,6582","5,5837","5,6723","5,5682","","1,33%"
"09.09.2024","5,5842","5,5992","5,6410","5,5747","","-0,26%"
"06.09.2024","5,5990","5,5749","5,6022","5,5286","","0,45%"
"05.09.2024","5,5741","5,6404","5,6494","5,5694","","-1,17%"
"04.09.2024","5,6399","5,6459","5,6620","5,6154","","-0,10%"
"03.09.2024","5,6454","5,6166","5,6534","5,5757","","0,49%"
"02.09.2024","5,6177","5,6463","5,6605","5,6036","","0,13%"
"30.08.2024","5,6103","5,6279","5,6933","5,5742","","-0,29%"
"29.08.2024","5,6266","5,5656","5,6631","5,5528","","1,12%"
"28.08.2024","5,5644","5,5106","5,5706","5,5054","","1,02%"
"27.08.2024","5,5082","5,4964","5,5196","5,4756","","0,24%"
"26.08.2024","5,4950","5,4868","5,5139","5,4719","","0,16%"
"23.08.2024","5,4863","5,5856","5,6061","5,4738","","-1,74%"
"22.08.2024","5,5834","5,4863","5,5964","5,4715","","1,78%"
"21.08.2024","5,4858","5,4774","5,5109","5,4580","","0,14%"
"20.08.2024","5,4780","5,4124","5,4930","5,4052","","1,22%"
"19.08.2024","5,4121","5,4721","5,4738","5,3762","","-1,15%"
"16.08.2024","5,4753","5,4830","5,4878","5,4365","","-0,13%"
"15.08.2024","5,4827","5,4744","5,4949","5,4493","","0,18%"
"14.08.2024","5,4730","5,4553","5,4876","5,4286","","0,35%"
"13.08.2024","5,4538","5,5003","5,5033","5,4471","","-0,79%"
"12.08.2024","5,4974","5,5078","5,5236","5,4720","","-0,16%"
"09.08.2024","5,5064","5,5493","5,5545","5,4912","","-0,77%"
"08.08.2024","5,5493","5,6351","5,6554","5,5440","","-1,51%"
"07.08.2024","5,6341","5,6625","5,6631","5,5971","","-0,50%"
"06.08.2024","5,6623","5,7240","5,7262","5,6309","","-1,07%"
"05.08.2024","5,7238","5,7310","5,8657","5,7127","","-0,06%"
"02.08.2024","5,7273","5,7488","5,7944","5,6985","","-0,37%"
"01.08.2024","5,7483","5,6511","5,7536","5,6326","","1,74%"
"31.07.2024","5,6500","5,6125","5,6846","5,6080","","0,68%"
"30.07.2024","5,6121","5,6165","5,6636","5,6107","","-0,07%"
"29.07.2024","5,6159","5,6665","5,6693","5,6128","","-0,70%"
"26.07.2024","5,6557","5,6448","5,6725","5,6178","","0,20%"
"25.07.2024","5,6442","5,6543","5,6901","5,6182","","-0,17%"
"24.07.2024","5,6536","5,5870","5,6627","5,5855","","1,24%"
"23.07.2024","5,5846","5,5789","5,6073","5,5582","","0,12%"
"22.07.2024","5,5779","5,5916","5,6104","5,5353","","-0,31%"
"19.07.2024","5,5952","5,5476","5,6093","5,5210","","0,89%"
"18.07.2024","5,5460","5,4813","5,5901","5,4798","","1,17%"
"17.07.2024","5,4821","5,4286","5,4882","5,4248","","0,99%"
"16.07.2024","5,4286","5,4463","5,4632","5,4053","","-0,30%"
"15.07.2024","5,4448","5,4292","5,4773","5,4292","","0,30%"
"12.07.2024","5,4285","5,4399","5,4661","5,4145","","-0,18%"
"11.07.2024","5,4381","5,4148","5,4539","5,3700","","0,44%"
"10.07.2024","5,4144","5,4223","5,4268","5,3713","","-0,14%"
"09.07.2024","5,4222","5,4700","5,4781","5,4102","","-0,87%"
"08.07.2024","5,4699","5,4600","5,4952","5,4562","","0,20%"
"05.07.2024","5,4592","5,4909","5,5347","5,4560","","-0,54%"
"04.07.2024","5,4887","5,5575","5,5595","5,4655","","-1,22%"
"03.07.2024","5,5563","5,6784","5,6800","5,5402","","-2,14%"
"02.07.2024","5,6777","5,6613","5,7017","5,6279","","0,31%"
"01.07.2024","5,6603","5,5921","5,6645","5,5664","","1,21%"
"28.06.2024","5,5925","5,5024","5,5995","5,4840","","1,65%"
"27.06.2024","5,5019","5,5195","5,5392","5,4830","","-0,32%"
"26.06.2024","5,5194","5,4511","5,5270","5,4504","","1,26%"
"25.06.2024","5,4509","5,3940","5,4566","5,3894","","1,08%"
"24.06.2024","5,3928","5,4302","5,4374","5,3759","","-0,69%"
"21.06.2024","5,4302","5,4488","5,4623","5,4228","","-0,33%"
"20.06.2024","5,4483","5,4367","5,4697","5,3870","","0,22%"
"19.06.2024","5,4362","5,4361","5,4832","5,4269","","0,01%"
"18.06.2024","5,4359","5,4194","5,4446","5,3924","","0,30%"
"17.06.2024","5,4195","5,3763","5,4314","5,3717","","0,81%"
"14.06.2024","5,3757","5,3640","5,3875","5,3432","","0,23%"
"13.06.2024","5,3636","5,4141","5,4164","5,3619","","-0,90%"
"12.06.2024","5,4123","5,3681","5,4300","5,3362","","0,86%"
"11.06.2024","5,3662","5,3548","5,3738","5,3351","","0,21%"
"10.06.2024","5,3547","5,3349","5,3894","5,3150","","0,19%"
"07.06.2024","5,3448","5,2559","5,3489","5,2408","","1,69%"
"06.06.2024","5,2560","5,2970","5,3092","5,2401","","-0,76%"
"05.06.2024","5,2964","5,2868","5,3061","5,2597","","0,19%"
"04.06.2024","5,2861","5,2477","5,2969","5,2452","","0,75%"
"03.06.2024","5,2467","5,2459","5,2677","5,2137","","0,05%"
"31.05.2024","5,2443","5,1997","5,2587","5,1930","","0,79%"
"30.05.2024","5,2034","5,2038","5,2038","5,2036","","0,03%"
"29.05.2024","5,2018","5,1615","5,2141","5,1573","","0,79%"
"28.05.2024","5,1611","5,1715","5,1738","5,1349","","-0,19%"
"27.05.2024","5,1708","5,1713","5,1852","5,1557","","0,09%"
"24.05.2024","5,1660","5,1446","5,1767","5,1302","","0,42%"
"23.05.2024","5,1442","5,1511","5,1607","5,1255","","-0,12%"
"22.05.2024","5,1503","5,1228","5,1643","5,1219","","0,54%"
"21.05.2024","5,1225","5,1040","5,1254","5,0838","","0,38%"
"20.05.2024","5,1033","5,1035","5,1293","5,0903","","0,00%"
"17.05.2024","5,1031","5,1288","5,1385","5,1003","","-0,50%"
"16.05.2024","5,1288","5,1373","5,1400","5,1047","","-0,17%"
"15.05.2024","5,1373","5,1302","5,1711","5,1204","","0,14%"
"14.05.2024","5,1299","5,1511","5,1614","5,1234","","-0,41%"
"13.05.2024","5,1511","5,1588","5,1649","5,1230","","-0,14%"
"10.05.2024","5,1584","5,1424","5,1614","5,1165","","0,33%"
"09.05.2024","5,1412","5,0914","5,1775","5,0875","","0,99%"
"08.05.2024","5,0909","5,0712","5,1083","5,0688","","0,40%"
"07.05.2024","5,0707","5,0770","5,0847","5,0484","","-0,10%"
"06.05.2024","5,0758","5,0725","5,0917","5,0602","","0,07%"
"03.05.2024","5,0722","5,1110","5,1164","5,0437","","-0,76%"
"02.05.2024","5,1113","5,1940","5,1940","5,0995","","-1,58%"
"01.05.2024","5,1936","5,1940","5,1999","5,1929","","0,00%"
"30.04.2024","5,1934","5,1190","5,1975","5,1133","","1,46%"
"29.04.2024","5,1189","5,1170","5,1227","5,1020","","0,07%"
"26.04.2024","5,1151","5,1615","5,1673","5,1085","","-0,87%"
"25.04.2024","5,1602","5,1472","5,1935","5,1099","","0,28%"
"24.04.2024","5,1457","5,1263","5,1720","5,1238","","0,38%"
"23.04.2024","5,1260","5,1674","5,1894","5,1182","","-0,81%"
"22.04.2024","5,1680","5,2021","5,2189","5,1633","","-0,67%"
"19.04.2024","5,2027","5,2485","5,2778","5,1849","","-0,87%"
"18.04.2024","5,2482","5,2421","5,2789","5,2284","","0,12%"
"17.04.2024","5,2420","5,2829","5,2916","5,2194","","-0,77%"
"16.04.2024","5,2826","5,1851","5,2873","5,1817","","1,89%"
"15.04.2024","5,1846","5,1149","5,2153","5,1031","","1,31%"
"12.04.2024","5,1175","5,0922","5,1487","5,0890","","0,51%"
"11.04.2024","5,0917","5,0735","5,0931","5,0580","","0,34%"
"10.04.2024","5,0746","5,0092","5,0863","4,9970","","1,31%"
"09.04.2024","5,0090","5,0281","5,0310","4,9995","","-0,35%"
"08.04.2024","5,0268","5,0665","5,0759","5,0247","","-0,76%"
"05.04.2024","5,0655","5,0549","5,0746","5,0280","","0,23%"
"04.04.2024","5,0538","5,0392","5,0574","5,0043","","0,29%"
"03.04.2024","5,0393","5,0584","5,0921","5,0349","","-0,36%"
"02.04.2024","5,0576","5,0551","5,0631","5,0216","","0,07%"
"01.04.2024","5,0543","5,0147","5,0708","5,0093","","0,78%"
"29.03.2024","5,0153","5,0155","5,0163","5,0139","","0,05%"
"28.03.2024","5,0129","4,9871","5,0184","4,9788","","0,53%"
"27.03.2024","4,9866","4,9816","4,9942","4,9716","","0,12%"
"26.03.2024","4,9808","4,9752","4,9942","4,9651","","0,11%"
"25.03.2024","4,9751","5,0023","5,0065","4,9718","","-0,49%"
"22.03.2024","4,9997","4,9781","5,0099","4,9739","","0,43%"
"21.03.2024","4,9781","4,9688","4,9865","4,9504","","0,18%"
"20.03.2024","4,9691","5,0313","5,0354","4,9649","","-1,21%"
"19.03.2024","5,0301","5,0261","5,0557","5,0100","","0,10%"
"18.03.2024","5,0253","4,9960","5,0324","4,9834","","0,61%"
"15.03.2024","4,9949","4,9897","5,0022","4,9812","","0,11%"
"14.03.2024","4,9895","4,9705","4,9945","4,9530","","0,39%"
"13.03.2024","4,9700","4,9720","4,9887","4,9621","","-0,04%"
"12.03.2024","4,9718","4,9780","4,9957","4,9581","","-0,11%"
"11.03.2024","4,9771","4,9835","5,0004","4,9598","","-0,07%"
"08.03.2024","4,9806","4,9345","4,9923","4,9341","","0,92%"
"07.03.2024","4,9350","4,9451","4,9473","4,9311","","-0,19%"
"06.03.2024","4,9446","4,9586","4,9611","4,9328","","-0,27%"
"05.03.2024","4,9581","4,9471","4,9622","4,9398","","0,25%"
"04.03.2024","4,9458","4,9545","4,9588","4,9404","","-0,17%"
"01.03.2024","4,9541","4,9708","4,9750","4,9458","","-0,35%"
"29.02.2024","4,9716","4,9689","4,9993","4,9619","","0,08%"
"28.02.2024","4,9675","4,9338","4,9764","4,9316","","0,69%"
"27.02.2024","4,9335","4,9802","4,9839","4,9281","","-0,93%"
"26.02.2024","4,9799","4,9943","4,9963","4,9703","","-0,30%"
"23.02.2024","4,9951","4,9610","4,9978","4,9595","","0,70%"
"22.02.2024","4,9605","4,9382","4,9659","4,9186","","0,50%"
"21.02.2024","4,9358","4,9278","4,9468","4,9194","","0,17%"
"20.02.2024","4,9275","4,9570","4,9654","4,9246","","-0,58%"
"19.02.2024","4,9564","4,9686","4,9713","4,9514","","-0,20%"
"16.02.2024","4,9665","4,9737","4,9894","4,9594","","-0,13%"
"15.02.2024","4,9732","4,9740","4,9833","4,9564","","0,08%"
"14.02.2024","4,9690","4,9537","4,9797","4,9535","","0,31%"
"13.02.2024","4,9536","4,9537","4,9570","4,9520","","0,00%"
"12.02.2024","4,9536","4,9537","4,9570","4,9535","","0,04%"
"09.02.2024","4,9517","4,9903","4,9918","4,9497","","-0,81%"
"08.02.2024","4,9920","4,9717","5,0017","4,9676","","0,47%"
"07.02.2024","4,9685","4,9600","4,9749","4,9525","","0,10%"
"06.02.2024","4,9634","4,9879","4,9891","4,9508","","-0,44%"
"05.02.2024","4,9854","4,9663","5,0184","4,9661","","0,31%"
"02.02.2024","4,9699","4,9167","4,9764","4,9072","","1,09%"
"01.02.2024","4,9163","4,9496","4,9697","4,9100","","-0,73%"
"31.01.2024","4,9526","4,9501","4,9668","4,9250","","0,02%"
"30.01.2024","4,9516","4,9433","4,9819","4,9332","","0,00%"
"29.01.2024","4,9518","4,9175","4,9585","4,9056","","0,71%"
"26.01.2024","4,9168","4,9063","4,9210","4,9018","","0,01%"
"25.01.2024","4,9165","4,9306","4,9418","4,9066","","-0,34%"
"24.01.2024","4,9335","4,9525","4,9538","4,9075","","-0,40%"
"23.01.2024","4,9535","4,9885","5,0023","4,9479","","-0,72%"
"22.01.2024","4,9892","4,9338","4,9932","4,9230","","1,18%"
"19.01.2024","4,9310","4,9299","4,9396","4,9020","","0,08%"
"18.01.2024","4,9269","4,9349","4,9561","4,9127","","-0,16%"
"17.01.2024","4,9349","4,9299","4,9547","4,9224","","0,18%"
"16.01.2024","4,9258","4,8615","4,9338","4,8614","","1,30%"
"15.01.2024","4,8628","4,8566","4,8868","4,8427","","0,18%"
"12.01.2024","4,8539","4,8712","4,8787","4,8309","","-0,33%"
"11.01.2024","4,8700","4,8930","4,8951","4,8580","","-0,43%"
"10.01.2024","4,8909","4,9072","4,9072","4,8776","","-0,26%"
"09.01.2024","4,9038","4,8737","4,9098","4,8703","","0,69%"
"08.01.2024","4,8700","4,8781","4,9014","4,8630","","-0,09%"
"05.01.2024","4,8743","4,9089","4,9407","4,8597","","-0,46%"
"04.01.2024","4,8968","4,9181","4,9366","4,8953","","-0,47%"
"03.01.2024","4,9198","4,9174","4,9397","4,8991","","-0,08%"
"02.01.2024","4,9235","4,8533","4,9240","4,8489","","1,46%"
"01.01.2024","4,8526","4,8534","4,8534","4,8534","","0,01%"
"29.12.2023","4,8521","4,8521","4,8521","4,8521","","0,00%"
"28.12.2023","4,8521","4,8323","4,8714","4,8175","","0,53%"
"27.12.2023","4,8267","4,8107","4,8408","4,8018","","0,26%"
"26.12.2023","4,8140","4,8513","4,8614","4,8135","","-0,92%"
"25.12.2023","4,8585","4,8585","4,8585","4,8585","","0,00%"
"22.12.2023","4,8585","4,8865","4,8908","4,8481","","-0,53%"
"21.12.2023","4,8844","4,9146","4,9146","4,8633","","-0,65%"
"20.12.2023","4,9163","4,8642","4,9193","4,8566","","1,00%"
"19.12.2023","4,8675","4,9027","4,9038","4,8505","","-0,60%"
"18.12.2023","4,8967","4,9414","4,9520","4,8903","","-0,82%"
"15.12.2023","4,9371","4,9121","4,9517","4,9040","","0,44%"
"14.12.2023","4,9155","4,8755","4,9180","4,8749","","-0,09%"
"13.12.2023","4,9197","4,9663","4,9773","4,9145","","-0,87%"
"12.12.2023","4,9631","4,9335","4,9740","4,9220","","0,50%"
"11.12.2023","4,9386","4,9268","4,9601","4,9260","","0,14%"
"08.12.2023","4,9317","4,9083","4,9368","4,8941","","0,41%"
"07.12.2023","4,9115","4,9026","4,9152","4,8790","","0,19%"
"06.12.2023","4,9022","4,9302","4,9310","4,8883","","-0,58%"
"05.12.2023","4,9306","4,9449","4,9680","4,9228","","-0,25%"
"04.12.2023","4,9432","4,8780","4,9539","4,8780","","1,29%"
"01.12.2023","4,8801","4,9265","4,9378","4,8675","","-0,82%"
"30.11.2023","4,9205","4,9060","4,9459","4,9050","","0,36%"
"29.11.2023","4,9029","4,8711","4,9077","4,8639","","0,67%"
"28.11.2023","4,8705","4,9050","4,9099","4,8575","","-0,53%"
"27.11.2023","4,8964","4,9060","4,9222","4,8718","","-0,11%"
"24.11.2023","4,9020","4,9076","4,9089","4,8826","","-0,04%"
"23.11.2023","4,9039","4,9074","4,9093","4,8861","","-0,06%"
"22.11.2023","4,9068","4,9050","4,9205","4,8775","","0,13%"
"21.11.2023","4,9006","4,8576","4,9093","4,8425","","0,95%"
"20.11.2023","4,8543","4,9025","4,9064","4,8464","","-1,05%"
"17.11.2023","4,9059","4,8636","4,9127","4,8509","","0,88%"
"16.11.2023","4,8632","4,8625","4,8876","4,8363","","0,02%"
"15.11.2023","4,8620","4,8625","4,8630","4,8610","","-0,07%"
"14.11.2023","4,8654","4,9079","4,9092","4,8472","","-0,86%"
"13.11.2023","4,9075","4,9009","4,9427","4,9008","","0,13%"
"10.11.2023","4,9013","4,9341","4,9549","4,9018","","-0,67%"
"09.11.2023","4,9342","4,9063","4,9476","4,8916","","0,49%"
"08.11.2023","4,9103","4,8736","4,9175","4,8706","","0,78%"
"07.11.2023","4,8724","4,8815","4,9080","4,8585","","-0,26%"
"06.11.2023","4,8853","4,9031","4,9120","4,8813","","-0,32%"
"03.11.2023","4,9012","4,9555","4,9555","4,8753","","-1,05%"
"02.11.2023","4,9534","4,9534","4,9534","4,9534","","0,00%"
"01.11.2023","4,9534","5,0357","5,0457","4,9509","","-1,62%"
"31.10.2023","5,0350","5,0475","5,0717","5,0085","","-0,24%"
"30.10.2023","5,0472","5,0143","5,0602","4,9717","","0,64%"
"27.10.2023","5,0152","4,9868","5,0202","4,9306","","0,58%"
"26.10.2023","4,9861","4,9963","5,0196","4,9861","","-0,17%"
"25.10.2023","4,9947","4,9928","5,0201","4,9853","","0,08%"
"24.10.2023","4,9908","5,0142","5,0312","4,9892","","-0,41%"
"23.10.2023","5,0112","5,0328","5,0545","4,9953","","-0,40%"
"20.10.2023","5,0312","5,0648","5,0990","5,0246","","-0,66%"
"19.10.2023","5,0646","5,0598","5,0838","5,0188","","0,11%"
"18.10.2023","5,0591","5,0415","5,0762","5,0278","","0,35%"
"17.10.2023","5,0414","5,0390","5,0659","5,0093","","0,07%"
"16.10.2023","5,0377","5,0532","5,0725","5,0315","","-0,83%"
"13.10.2023","5,0801","5,0504","5,1031","5,0448","","0,68%"
"12.10.2023","5,0460","5,0501","5,0501","5,0449","","-0,05%"
"11.10.2023","5,0483","5,0518","5,0714","5,0280","","-0,07%"
"10.10.2023","5,0516","5,1353","5,1400","5,0471","","-1,63%"
"09.10.2023","5,1355","5,1615","5,1820","5,1210","","-0,20%"
"06.10.2023","5,1457","5,1668","5,2210","5,1424","","-0,39%"
"05.10.2023","5,1658","5,1550","5,1884","5,1494","","0,19%"
"04.10.2023","5,1562","5,1673","5,1789","5,1231","","-0,21%"
"03.10.2023","5,1669","5,0637","5,1739","5,0637","","2,09%"
"02.10.2023","5,0610","5,0308","5,0810","5,0308","","0,58%"
"29.09.2023","5,0320","5,0335","5,0406","4,9876","","-0,02%"
"28.09.2023","5,0331","5,0436","5,0702","5,0140","","-0,19%"
"27.09.2023","5,0425","4,9911","5,0800","4,9864","","1,06%"
"26.09.2023","4,9898","4,9684","4,9942","4,9519","","0,44%"
"25.09.2023","4,9678","4,9320","4,9759","4,9320","","0,66%"
"22.09.2023","4,9351","4,9367","4,9381","4,9033","","0,00%"
"21.09.2023","4,9351","4,8802","4,9396","4,8795","","1,13%"
"20.09.2023","4,8801","4,8670","4,8840","4,8422","","0,26%"
"19.09.2023","4,8673","4,8553","4,8761","4,8390","","0,24%"
"18.09.2023","4,8556","4,8685","4,8784","4,8408","","-0,22%"
"15.09.2023","4,8663","4,8682","4,8802","4,8584","","-0,01%"
"14.09.2023","4,8668","4,9167","4,9214","4,8620","","-0,99%"
"13.09.2023","4,9153","4,9474","4,9683","4,8945","","-0,64%"
"12.09.2023","4,9470","4,9307","4,9690","4,9307","","0,33%"
"11.09.2023","4,9307","4,9845","4,9867","4,9202","","-1,15%"
"08.09.2023","4,9882","4,9787","4,9949","4,9636","","0,23%"
"07.09.2023","4,9767","4,9787","4,9787","4,9773","","-0,03%"
"06.09.2023","4,9784","4,9680","4,9953","4,9536","","0,23%"
"05.09.2023","4,9671","4,9376","4,9866","4,9376","","0,60%"
"04.09.2023","4,9376","4,9485","4,9490","4,9069","","-0,18%"
"01.09.2023","4,9463","4,9555","4,9558","4,8997","","-0,16%"
"31.08.2023","4,9544","4,8876","4,9613","4,8639","","1,34%"
"30.08.2023","4,8890","4,8536","4,8924","4,8424","","0,76%"
"29.08.2023","4,8523","4,8753","4,9027","4,8481","","-0,43%"
"28.08.2023","4,8731","4,8719","4,9121","4,8630","","0,04%"
"25.08.2023","4,8711","4,8816","4,9014","4,8560","","-0,19%"
"24.08.2023","4,8802","4,8576","4,8880","4,8545","","0,47%"
"23.08.2023","4,8572","4,9367","4,9433","4,8457","","-1,65%"
"22.08.2023","4,9386","4,9802","4,9805","4,9251","","-0,82%"
"21.08.2023","4,9793","4,9684","4,9967","4,9563","","0,20%"
"18.08.2023","4,9694","4,9760","5,0024","4,9567","","-0,13%"
"17.08.2023","4,9758","4,9883","4,9970","4,9583","","-0,24%"
"16.08.2023","4,9879","4,9859","4,9931","4,9502","","0,07%"
"15.08.2023","4,9845","4,9636","4,9983","4,9588","","0,46%"
"14.08.2023","4,9615","4,9126","4,9716","4,9102","","1,16%"
"11.08.2023","4,9048","4,8930","4,9104","4,8608","","0,25%"
"10.08.2023","4,8924","4,9029","4,9057","4,8400","","-0,20%"
"09.08.2023","4,9020","4,9009","4,9166","4,8738","","0,05%"
"08.08.2023","4,8996","4,8985","4,9418","4,8895","","-0,01%"
"07.08.2023","4,8999","4,8735","4,9152","4,8681","","0,55%"
"04.08.2023","4,8733","4,9185","4,9201","4,8453","","-0,89%"
"03.08.2023","4,9170","4,8126","4,9224","4,8123","","2,18%"
"02.08.2023","4,8120","4,7935","4,8225","4,7807","","0,44%"
"01.08.2023","4,7911","4,7295","4,8008","4,7280","","1,42%"
"31.07.2023","4,7241","4,7304","4,7607","4,7130","","-0,20%"
"28.07.2023","4,7336","4,7435","4,7500","4,6950","","-0,19%"
"27.07.2023","4,7424","4,7380","4,7596","4,7081","","0,13%"
"26.07.2023","4,7364","4,7508","4,7561","4,7220","","-0,28%"
"25.07.2023","4,7498","4,7274","4,7604","4,7159","","0,48%"
"24.07.2023","4,7271","4,7797","4,7840","4,7229","","-1,10%"
"21.07.2023","4,7795","4,8012","4,8257","4,7597","","-0,39%"
"20.07.2023","4,7980","4,7920","4,8123","4,7681","","0,15%"
"19.07.2023","4,7909","4,8108","4,8224","4,7790","","-0,41%"
"18.07.2023","4,8105","4,8067","4,8281","4,7943","","0,08%"
"17.07.2023","4,8066","4,7896","4,8507","4,7896","","0,36%"
"14.07.2023","4,7894","4,7965","4,8154","4,7757","","-0,16%"
"13.07.2023","4,7971","4,8201","4,8273","4,7858","","-0,44%"
"12.07.2023","4,8184","4,8532","4,8616","4,7832","","-0,73%"
"11.07.2023","4,8538","4,8985","4,9235","4,8520","","-0,90%"
"10.07.2023","4,8978","4,8696","4,9038","4,8535","","0,53%"
"07.07.2023","4,8720","4,9195","4,9360","4,8474","","-0,96%"
"06.07.2023","4,9193","4,8460","4,9507","4,8412","","1,47%"
"05.07.2023","4,8478","4,8413","4,8710","4,8348","","0,14%"
"04.07.2023","4,8408","4,8079","4,8500","4,7828","","0,69%"
"03.07.2023","4,8077","4,7885","4,8124","4,7592","","0,45%"
"30.06.2023","4,7860","4,8559","4,8709","4,7828","","-1,43%"
"29.06.2023","4,8553","4,8516","4,8750","4,8283","","0,10%"
"28.06.2023","4,8506","4,8121","4,8717","4,8097","","0,84%"
"27.06.2023","4,8103","4,7650","4,8148","4,7505","","0,90%"
"26.06.2023","4,7675","4,7838","4,7870","4,7579","","-0,39%"
"23.06.2023","4,7864","4,7719","4,8073","4,7653","","0,37%"
"22.06.2023","4,7689","4,7648","4,7884","4,7507","","0,12%"
"21.06.2023","4,7630","4,7907","4,8170","4,7624","","-0,57%"
"20.06.2023","4,7902","4,7780","4,8086","4,7734","","0,27%"
"19.06.2023","4,7772","4,8202","4,8320","4,7587","","-0,89%"
"16.06.2023","4,8199","4,8112","4,8506","4,8060","","0,20%"
"15.06.2023","4,8102","4,8144","4,8446","4,7949","","-0,09%"
"14.06.2023","4,8146","4,8627","4,8678","4,7962","","-0,98%"
"13.06.2023","4,8622","4,8622","4,8799","4,8475","","0,02%"
"12.06.2023","4,8613","4,8794","4,9007","4,8611","","-0,36%"
"09.06.2023","4,8791","4,9208","4,9276","4,8524","","-0,90%"
"08.06.2023","4,9235","4,9235","4,9235","4,9235","","0,00%"
"07.06.2023","4,9235","4,9134","4,9325","4,8995","","0,22%"
"06.06.2023","4,9125","4,9292","4,9564","4,9004","","-0,33%"
"05.06.2023","4,9289","4,9581","4,9765","4,9121","","-0,57%"
"02.06.2023","4,9571","5,0148","5,0152","4,9453","","-1,13%"
"01.06.2023","5,0140","5,0553","5,0588","5,0044","","-0,86%"
"31.05.2023","5,0574","5,0365","5,1279","5,0365","","0,43%"
"30.05.2023","5,0357","5,0174","5,0700","4,9990","","0,37%"
"29.05.2023","5,0171","4,9942","5,0209","4,9736","","0,46%"
"26.05.2023","4,9939","5,0375","5,0375","4,9774","","-0,83%"
"25.05.2023","5,0356","4,9618","5,0448","4,9422","","1,49%"
"24.05.2023","4,9619","4,9717","4,9767","4,9349","","-0,19%"
"23.05.2023","4,9714","4,9665","4,9952","4,9503","","0,09%"
"22.05.2023","4,9667","4,9983","5,0063","4,9528","","-0,63%"
"19.05.2023","4,9981","4,9668","5,0033","4,9433","","0,66%"
"18.05.2023","4,9652","4,9401","4,9818","4,9391","","0,52%"
"17.05.2023","4,9396","4,9411","4,9714","4,9226","","-0,01%"
"16.05.2023","4,9402","4,8893","4,9542","4,8847","","1,02%"
"15.05.2023","4,8904","4,9196","4,9335","4,8853","","-0,59%"
"12.05.2023","4,9195","4,9308","4,9567","4,9079","","-0,20%"
"11.05.2023","4,9295","4,9443","4,9847","4,9254","","-0,26%"
"10.05.2023","4,9424","4,9882","4,9914","4,9345","","-0,88%"
"09.05.2023","4,9862","5,0097","5,0374","4,9728","","-0,47%"
"08.05.2023","5,0097","4,9531","5,0186","4,9410","","1,17%"
"05.05.2023","4,9518","4,9847","5,0080","4,9250","","-0,61%"
"04.05.2023","4,9822","4,9959","5,0346","4,9694","","-0,25%"
"03.05.2023","4,9949","5,0398","5,0524","4,9812","","-0,87%"
"02.05.2023","5,0387","4,9893","5,0535","4,9889","","1,00%"
"01.05.2023","4,9889","4,9875","4,9895","4,9875","","0,05%"
"28.04.2023","4,9865","4,9776","5,0200","4,9776","","0,19%"
"27.04.2023","4,9771","5,0445","5,0490","4,9693","","-1,32%"
"26.04.2023","5,0435","5,0542","5,0746","5,0353","","-0,12%"
"25.04.2023","5,0497","5,0348","5,0845","5,0294","","0,32%"
"24.04.2023","5,0337","5,0481","5,0863","5,0339","","-0,30%"
"21.04.2023","5,0486","5,0493","5,0493","5,0489","","0,00%"
"20.04.2023","5,0486","5,0759","5,0864","5,0360","","-0,53%"
"19.04.2023","5,0753","4,9859","5,0895","4,9859","","1,83%"
"18.04.2023","4,9840","4,9415","4,9974","4,9097","","0,86%"
"17.04.2023","4,9413","4,9102","4,9573","4,8988","","0,65%"
"14.04.2023","4,9096","4,9279","4,9653","4,8922","","-0,36%"
"13.04.2023","4,9272","4,9190","4,9405","4,8927","","0,19%"
"12.04.2023","4,9181","5,0077","5,0108","4,9155","","-1,74%"
"11.04.2023","5,0054","5,0667","5,0675","4,9886","","-1,19%"
"10.04.2023","5,0655","5,0559","5,0938","5,0368","","0,21%"
"07.04.2023","5,0549","5,0599","5,0599","5,0559","","-0,04%"
"06.04.2023","5,0570","5,0345","5,0837","5,0342","","0,46%"
"05.04.2023","5,0340","5,0724","5,0778","5,0163","","-0,74%"
"04.04.2023","5,0716","5,0643","5,1002","5,0493","","0,17%"
"03.04.2023","5,0632","5,0637","5,0834","5,0382","","0,00%"
"31.03.2023","5,0631","5,0947","5,1094","5,0547","","-0,60%"
"30.03.2023","5,0938","5,1367","5,1610","5,0723","","-0,81%"
"29.03.2023","5,1356","5,1660","5,1846","5,1262","","-0,58%"
"28.03.2023","5,1655","5,1986","5,1993","5,1477","","-0,63%"
"27.03.2023","5,1983","5,2466","5,2509","5,1926","","-0,91%"
"24.03.2023","5,2463","5,2976","5,3421","5,2380","","-0,96%"
"23.03.2023","5,2973","5,2372","5,3016","5,2024","","1,15%"
"22.03.2023","5,2369","5,2438","5,2800","5,2042","","-0,12%"
"21.03.2023","5,2430","5,2371","5,2549","5,2130","","0,12%"
"20.03.2023","5,2368","5,2756","5,2853","5,2295","","-0,78%"
"17.03.2023","5,2778","5,2297","5,2855","5,2294","","0,94%"
"16.03.2023","5,2285","5,2884","5,3117","5,2221","","-1,13%"
"15.03.2023","5,2882","5,2539","5,3289","5,2505","","0,65%"
"14.03.2023","5,2543","5,2472","5,2629","5,2208","","0,16%"
"13.03.2023","5,2459","5,2171","5,2835","5,2106","","0,56%"
"10.03.2023","5,2166","5,1650","5,2216","5,1509","","1,01%"
"09.03.2023","5,1645","5,1458","5,1706","5,1093","","0,37%"
"08.03.2023","5,1453","5,1913","5,1913","5,1003","","-0,88%"
"07.03.2023","5,1910","5,1539","5,2059","5,1522","","0,73%"
"06.03.2023","5,1534","5,1990","5,2179","5,1516","","-0,81%"
"03.03.2023","5,1956","5,2011","5,2302","5,1820","","-0,10%"
"02.03.2023","5,2006","5,1796","5,2288","5,1795","","0,41%"
"01.03.2023","5,1794","5,2369","5,2369","5,1747","","-1,09%"
"28.02.2023","5,2367","5,2013","5,2519","5,1788","","0,69%"
"27.02.2023","5,2008","5,2071","5,2134","5,1706","","-0,18%"
"24.02.2023","5,2100","5,1378","5,2144","5,1350","","1,42%"
"23.02.2023","5,1373","5,1527","5,1758","5,1093","","-0,29%"
"22.02.2023","5,1522","5,1680","5,2133","5,1515","","-0,30%"
"21.02.2023","5,1675","5,1679","5,1680","5,1655","","0,00%"
"20.02.2023","5,1674","5,1679","5,1679","5,1679","","0,00%"
"17.02.2023","5,1674","5,2181","5,2538","5,1496","","-0,97%"
"16.02.2023","5,2178","5,2195","5,2603","5,1961","","-0,02%"
"15.02.2023","5,2190","5,1927","5,2406","5,1897","","0,51%"
"14.02.2023","5,1923","5,1600","5,2292","5,1281","","0,63%"
"13.02.2023","5,1596","5,2156","5,2278","5,1570","","-1,06%"
"10.02.2023","5,2151","5,2916","5,3092","5,2091","","-1,44%"
"09.02.2023","5,2911","5,2012","5,2934","5,1721","","1,74%"
"08.02.2023","5,2007","5,2106","5,2459","5,1659","","-0,18%"
"07.02.2023","5,2101","5,1481","5,2184","5,1326","","1,24%"
"06.02.2023","5,1464","5,1525","5,2138","5,1407","","-0,11%"
"03.02.2023","5,1522","5,0509","5,1589","5,0509","","2,02%"
"02.02.2023","5,0504","5,0552","5,0557","4,9401","","-0,09%"
"01.02.2023","5,0547","5,0736","5,1130","5,0426","","-0,36%"
"31.01.2023","5,0731","5,1167","5,1418","5,0703","","-0,84%"
"30.01.2023","5,1162","5,1065","5,1339","5,0827","","0,14%"
"27.01.2023","5,1089","5,0663","5,1174","5,0560","","0,85%"
"26.01.2023","5,0658","5,0736","5,1200","5,0585","","-0,15%"
"25.01.2023","5,0734","5,1397","5,1500","5,0679","","-1,28%"
"24.01.2023","5,1392","5,2080","5,2207","5,1344","102,09K","-1,31%"
"23.01.2023","5,2076","5,2079","5,2207","5,1634","130,45K","0,00%"
"20.01.2023","5,2074","5,1746","5,2400","5,1639","115,59K","0,64%"
"19.01.2023","5,1741","5,1868","5,2562","5,1631","156,95K","-0,24%"
"18.01.2023","5,1863","5,1007","5,1901","5,0655","162,32K","1,69%"
"17.01.2023","5,1003","5,1512","5,1589","5,0957","127,44K","-0,92%"
"16.01.2023","5,1474","5,0957","5,1624","5,0922","92,57K","1,02%"
"13.01.2023","5,0956","5,1087","5,1554","5,0776","112,52K","-0,25%"
"12.01.2023","5,1082","5,1603","5,1858","5,0684","189,34K","-1,00%"
"11.01.2023","5,1600","5,2000","5,2345","5,1592","144,40K","-0,76%"
"10.01.2023","5,1997","5,2580","5,2768","5,1974","133,59K","-1,04%"
"09.01.2023","5,2546","5,2259","5,3094","5,2259","136,99K","0,56%"
"06.01.2023","5,2254","5,3514","5,3697","5,2186","154,80K","-2,35%"
"05.01.2023","5,3509","5,4315","5,4315","5,3478","148,32K","-1,48%"
"04.01.2023","5,4312","5,4799","5,4799","5,4248","175,09K","-0,89%"
"03.01.2023","5,4797","5,3638","5,4802","5,3396","188,23K","2,17%"
"02.01.2023","5,3633","5,2865","5,3671","5,2861","84,04K","1,46%"
"30.12.2022","5,2860","5,2860","5,2860","5,2860","","0,00%"
"29.12.2022","5,2860","5,2681","5,3049","5,1895","122,63K","0,35%"
"28.12.2022","5,2676","5,2967","5,2967","5,2260","110,39K","-0,48%"
"27.12.2022","5,2928","5,2189","5,3028","5,1940","120,92K","1,42%"
"26.12.2022","5,2186","5,1669","5,2210","5,1545","69,65K","1,03%"
"23.12.2022","5,1652","5,1670","5,1789","5,1160","164,08K","-0,03%"
"22.12.2022","5,1665","5,2013","5,2243","5,1585","165,20K","-0,66%"
"21.12.2022","5,2009","5,2001","5,2207","5,1586","156,47K","0,02%"
"20.12.2022","5,1996","5,2934","5,3257","5,1757","180,61K","-1,76%"
"19.12.2022","5,2930","5,3145","5,3404","5,2888","145,13K","-0,40%"
"16.12.2022","5,3140","5,3133","5,3326","5,2620","129,90K","0,02%"
"15.12.2022","5,3130","5,2792","5,3481","5,2792","176,83K","0,65%"
"14.12.2022","5,2787","5,2941","5,3730","5,2734","176,05K","-0,29%"
"13.12.2022","5,2938","5,3231","5,3358","5,2418","174,06K","-0,54%"
"12.12.2022","5,3226","5,2404","5,3520","5,2309","143,26K","1,58%"
"09.12.2022","5,2400","5,2258","5,2840","5,2161","140,59K","0,28%"
"08.12.2022","5,2253","5,2053","5,2530","5,1905","164,06K","0,39%"
"07.12.2022","5,2048","5,2357","5,2782","5,1841","158,34K","-0,58%"
"06.12.2022","5,2352","5,2811","5,2811","5,2183","161,57K","-0,87%"
"05.12.2022","5,2809","5,2170","5,2916","5,2060","134,13K","1,19%"
"02.12.2022","5,2189","5,1852","5,2410","5,1616","160,05K","0,66%"
"01.12.2022","5,1848","5,1856","5,2175","5,1628","183,46K","-0,01%"
"30.11.2022","5,1851","5,2700","5,3189","5,1733","158,63K","-1,60%"
"29.11.2022","5,2695","5,3658","5,3658","5,2698","127,67K","-1,79%"
"28.11.2022","5,3654","5,4080","5,4307","5,3478","121,90K","-0,82%"
"25.11.2022","5,4098","5,3213","5,4251","5,3040","158,13K","1,67%"
"24.11.2022","5,3208","5,3596","5,3596","5,2991","113,29K","-0,71%"
"23.11.2022","5,3591","5,3591","5,4127","5,3440","151,68K","0,01%"
"22.11.2022","5,3586","5,3203","5,4005","5,2794","174,86K","0,73%"
"21.11.2022","5,3200","5,3832","5,3836","5,2976","177,13K","-1,16%"
"18.11.2022","5,3827","5,4236","5,4236","5,3253","156,99K","-0,74%"
"17.11.2022","5,4231","5,4003","5,5307","5,3866","167,68K","0,43%"
"16.11.2022","5,3998","5,3330","5,4057","5,2868","146,98K","1,26%"
"15.11.2022","5,3325","5,3333","5,3333","5,3328","0,01K","0,01%"
"14.11.2022","5,3321","5,3253","5,3527","5,2589","164,62K","0,13%"
"11.11.2022","5,3250","5,3454","5,4066","5,2484","179,78K","-0,37%"
"10.11.2022","5,3449","5,1869","5,4155","5,1869","244,22K","3,06%"
"09.11.2022","5,1864","5,1444","5,2014","5,1364","186,74K","0,82%"
"08.11.2022","5,1440","5,1572","5,2488","5,1298","181,41K","-0,25%"
"07.11.2022","5,1567","5,0571","5,1757","5,0461","158,14K","2,00%"
"04.11.2022","5,0557","5,1170","5,1170","5,0184","180,05K","-1,13%"
"03.11.2022","5,1137","5,1437","5,2244","5,0830","203,31K","-0,57%"
"02.11.2022","5,1432","5,1475","5,1480","5,1437","","-0,08%"
"01.11.2022","5,1475","5,1803","5,2069","5,0830","208,66K","-0,61%"
"31.10.2022","5,1791","5,2962","5,4083","5,1531","180,03K","-2,19%"
"28.10.2022","5,2949","5,3451","5,3832","5,2800","202,54K","-0,94%"
"27.10.2022","5,3449","5,3807","5,3927","5,2406","186,52K","-0,66%"
"26.10.2022","5,3804","5,3166","5,3879","5,2797","183,45K","1,20%"
"25.10.2022","5,3167","5,3037","5,3581","5,2757","180,71K","0,25%"
"24.10.2022","5,3032","5,1649","5,3101","5,1648","177,34K","2,77%"
"21.10.2022","5,1605","5,2180","5,2774","5,1404","216,51K","-1,04%"
"20.10.2022","5,2147","5,2707","5,2716","5,1922","189,24K","-1,05%"
"19.10.2022","5,2700","5,2414","5,2998","5,2411","182,98K","0,56%"
"18.10.2022","5,2405","5,2833","5,2993","5,2336","176,73K","-0,76%"
"17.10.2022","5,2808","5,3289","5,3308","5,2532","132,52K","-0,83%"
"14.10.2022","5,3252","5,2630","5,3347","5,2407","164,83K","1,19%"
"13.10.2022","5,2626","5,2725","5,3817","5,2288","169,10K","-0,57%"
"12.10.2022","5,2930","5,3034","5,3034","5,2932","8,27K","-0,14%"
"11.10.2022","5,3005","5,1899","5,3057","5,1770","174,89K","2,13%"
"10.10.2022","5,1901","5,1999","5,2174","5,1625","137,86K","-0,18%"
"07.10.2022","5,1996","5,2215","5,2534","5,1938","172,97K","-0,42%"
"06.10.2022","5,2217","5,1959","5,2334","5,1724","182,70K","0,53%"
"05.10.2022","5,1940","5,1779","5,2443","5,1594","177,29K","0,33%"
"04.10.2022","5,1770","5,1650","5,2219","5,1083","167,00K","0,19%"
"03.10.2022","5,1672","5,4158","5,4158","5,1526","162,97K","-4,58%"
"30.09.2022","5,4154","5,4013","5,4277","5,3282","191,95K","0,35%"
"29.09.2022","5,3964","5,3765","5,4300","5,3730","226,00K","0,41%"
"28.09.2022","5,3745","5,3814","5,4236","5,3226","215,45K","-0,15%"
"27.09.2022","5,3824","5,3910","5,3954","5,2963","240,28K","-0,14%"
"26.09.2022","5,3898","5,2603","5,4175","5,2603","198,86K","2,48%"
"23.09.2022","5,2595","5,1173","5,2693","5,1164","188,07K","2,79%"
"22.09.2022","5,1166","5,1728","5,1860","5,1056","194,13K","-1,06%"
"21.09.2022","5,1716","5,1430","5,1941","5,1188","195,92K","0,58%"
"20.09.2022","5,1417","5,1705","5,2240","5,1407","162,36K","-0,49%"
"19.09.2022","5,1670","5,2544","5,3030","5,1421","126,67K","-1,64%"
"16.09.2022","5,2531","5,2462","5,3104","5,2462","169,32K","0,12%"
"15.09.2022","5,2470","5,1644","5,2502","5,1641","135,04K","1,63%"
"14.09.2022","5,1631","5,1922","5,1986","5,1495","136,73K","-0,54%"
"13.09.2022","5,1911","5,0918","5,2092","5,0766","177,68K","1,93%"
"12.09.2022","5,0930","5,1477","5,1477","5,0833","126,68K","-1,03%"
"09.09.2022","5,1462","5,2143","5,2146","5,1378","151,12K","-1,30%"
"08.09.2022","5,2141","5,2483","5,2523","5,1783","195,76K","-0,65%"
"07.09.2022","5,2480","5,2507","5,2507","5,2483","34,56K","-0,09%"
"06.09.2022","5,2528","5,1547","5,2539","5,1532","134,86K","1,96%"
"05.09.2022","5,1516","5,1660","5,1906","5,1495","93,71K","-0,32%"
"02.09.2022","5,1681","5,2422","5,2422","5,1575","153,53K","-1,40%"
"01.09.2022","5,2416","5,1833","5,2577","5,1462","169,57K","1,13%"
"31.08.2022","5,1831","5,1229","5,2121","5,1229","158,17K","1,19%"
"30.08.2022","5,1223","5,0285","5,1259","5,0077","161,49K","1,87%"
"29.08.2022","5,0282","5,0608","5,0917","5,0100","119,96K","-0,63%"
"26.08.2022","5,0601","5,1103","5,1175","5,0541","165,72K","-0,97%"
"25.08.2022","5,1099","5,1114","5,1437","5,0853","132,30K","-0,03%"
"24.08.2022","5,1114","5,1050","5,1244","5,0802","128,42K","0,15%"
"23.08.2022","5,1037","5,1577","5,1579","5,0701","131,87K","-1,04%"
"22.08.2022","5,1574","5,1706","5,2046","5,1498","123,06K","-0,24%"
"19.08.2022","5,1697","5,1694","5,2199","5,1648","132,82K","0,04%"
"18.08.2022","5,1674","5,1655","5,2075","5,1282","149,11K","0,06%"
"17.08.2022","5,1642","5,1469","5,2144","5,1452","167,02K","0,36%"
"16.08.2022","5,1459","5,0987","5,1549","5,0965","148,45K","0,98%"
"15.08.2022","5,0961","5,0721","5,1409","5,0721","130,15K","0,45%"
"12.08.2022","5,0735","5,1592","5,1649","5,0640","154,88K","-1,64%"
"11.08.2022","5,1581","5,0945","5,1712","5,0605","166,77K","1,28%"
"10.08.2022","5,0927","5,1250","5,1422","5,0342","148,33K","-0,61%"
"09.08.2022","5,1237","5,1129","5,1522","5,0926","122,15K","0,23%"
"08.08.2022","5,1117","5,1638","5,1638","5,1023","130,57K","-1,02%"
"05.08.2022","5,1646","5,2145","5,2782","5,1553","160,22K","-0,99%"
"04.08.2022","5,2164","5,2844","5,2959","5,1987","165,48K","-1,23%"
"03.08.2022","5,2815","5,2796","5,3163","5,2430","139,46K","0,06%"
"02.08.2022","5,2784","5,1857","5,2850","5,1857","188,78K","1,82%"
"01.08.2022","5,1838","5,1759","5,2050","5,1269","165,25K","0,20%"
"29.07.2022","5,1734","5,1842","5,2222","5,1448","165,18K","-0,17%"
"28.07.2022","5,1823","5,2442","5,2740","5,1578","165,07K","-1,16%"
"27.07.2022","5,2432","5,3517","5,3526","5,2372","176,20K","-2,02%"
"26.07.2022","5,3511","5,3576","5,3931","5,3346","172,29K","-0,12%"
"25.07.2022","5,3576","5,4987","5,5010","5,3567","131,71K","-2,53%"
"22.07.2022","5,4968","5,4993","5,5047","5,4349","167,41K","0,00%"
"21.07.2022","5,4968","5,4720","5,5152","5,4289","160,55K","0,46%"
"20.07.2022","5,4714","5,4144","5,4730","5,3889","166,16K","1,07%"
"19.07.2022","5,4135","5,4381","5,4381","5,3646","156,26K","-0,44%"
"18.07.2022","5,4375","5,4093","5,4392","5,3518","144,65K","0,54%"
"15.07.2022","5,4082","5,4239","5,4492","5,3744","161,64K","-0,28%"
"14.07.2022","5,4233","5,3930","5,4906","5,3930","162,28K","0,59%"
"13.07.2022","5,3917","5,4377","5,4667","5,3610","158,35K","-0,83%"
"12.07.2022","5,4368","5,3786","5,4434","5,3695","160,72K","1,09%"
"11.07.2022","5,3782","5,2551","5,3864","5,2551","137,80K","2,37%"
"08.07.2022","5,2536","5,3399","5,3696","5,2501","139,05K","-1,60%"
"07.07.2022","5,3391","5,4299","5,4303","5,3296","126,03K","-1,65%"
"06.07.2022","5,4287","5,3870","5,4628","5,3870","171,59K","0,79%"
"05.07.2022","5,3861","5,3299","5,4043","5,3287","157,06K","1,07%"
"04.07.2022","5,3293","5,3308","5,3353","5,2871","90,87K","-0,03%"
"01.07.2022","5,3310","5,2569","5,3402","5,2527","163,64K","1,42%"
"30.06.2022","5,2562","5,1828","5,2715","5,1779","152,09K","1,44%"
"29.06.2022","5,1818","5,2680","5,2734","5,1755","172,12K","-1,63%"
"28.06.2022","5,2675","5,2387","5,2792","5,1876","170,34K","0,59%"
"27.06.2022","5,2366","5,2423","5,2755","5,2019","127,90K","-0,10%"
"24.06.2022","5,2417","5,2393","5,2763","5,2027","146,38K","0,02%"
"23.06.2022","5,2406","5,1944","5,2477","5,1659","165,48K","0,90%"
"22.06.2022","5,1940","5,1255","5,1962","5,1255","153,13K","1,33%"
"21.06.2022","5,1257","5,1905","5,1910","5,1167","159,30K","-1,20%"
"20.06.2022","5,1880","5,1534","5,1944","5,1361","111,14K","0,70%"
"17.06.2022","5,1518","5,0540","5,1561","5,0540","166,35K","1,95%"
"16.06.2022","5,0535","5,0538","5,0551","5,0538","","0,00%"
"15.06.2022","5,0536","5,1178","5,1351","5,0176","205,38K","-1,24%"
"14.06.2022","5,1168","5,1151","5,1518","5,0859","189,42K","0,03%"
"13.06.2022","5,1154","4,9891","5,1383","4,9891","165,74K","2,58%"
"10.06.2022","4,9865","4,9048","5,0124","4,8816","149,08K","1,63%"
"09.06.2022","4,9063","4,8998","4,9207","4,8648","117,52K","0,15%"
"08.06.2022","4,8988","4,8712","4,9082","4,8450","164,23K","0,60%"
"07.06.2022","4,8696","4,7958","4,9352","4,7913","163,98K","1,57%"
"06.06.2022","4,7945","4,7765","4,8073","4,7468","113,33K","0,44%"
"03.06.2022","4,7734","4,7970","4,8321","4,7715","145,38K","-0,48%"
"02.06.2022","4,7962","4,8169","4,8169","4,7711","131,79K","-0,39%"
"01.06.2022","4,8151","4,7319","4,8180","4,7218","155,81K","1,77%"
"31.05.2022","4,7315","4,7539","4,7793","4,6975","136,07K","-0,44%"
"30.05.2022","4,7526","4,7311","4,7568","4,6904","97,49K","0,49%"
"27.05.2022","4,7295","4,7700","4,7819","4,7148","154,34K","-0,80%"
"26.05.2022","4,7677","4,8260","4,8442","4,7501","146,46K","-1,24%"
"25.05.2022","4,8275","4,8191","4,8645","4,8048","155,93K","0,17%"
"24.05.2022","4,8191","4,8125","4,8548","4,7750","173,82K","0,13%"
"23.05.2022","4,8130","4,8797","4,8797","4,7848","114,67K","-1,35%"
"20.05.2022","4,8788","4,9315","4,9315","4,8519","156,11K","-1,06%"
"19.05.2022","4,9309","4,9688","4,9694","4,8790","138,85K","-0,75%"
"18.05.2022","4,9682","4,9372","5,0005","4,9197","101,92K","0,60%"
"17.05.2022","4,9387","5,0617","5,0617","4,9261","99,97K","-2,40%"
"16.05.2022","5,0599","5,0647","5,1045","5,0307","101,02K","-0,01%"
"13.05.2022","5,0602","5,1347","5,1503","5,0456","87,46K","-1,44%"
"12.05.2022","5,1339","5,1380","5,2103","5,1050","140,21K","-0,07%"
"11.05.2022","5,1373","5,1328","5,1717","5,0910","125,83K","0,12%"
"10.05.2022","5,1313","5,1622","5,1666","5,1090","131,93K","-0,59%"
"09.05.2022","5,1617","5,0784","5,1625","5,0784","132,22K","1,66%"
"06.05.2022","5,0774","5,0293","5,1150","5,0070","158,90K","0,98%"
"05.05.2022","5,0280","4,9200","5,0589","4,9174","147,31K","2,20%"
"04.05.2022","4,9198","4,9563","5,0368","4,8922","129,09K","-0,78%"
"03.05.2022","4,9584","5,0840","5,0840","4,9559","110,69K","-2,49%"
"02.05.2022","5,0848","4,9692","5,0940","4,9657","126,82K","2,27%"
"29.04.2022","4,9721","4,9404","4,9819","4,8588","119,04K","0,60%"
"28.04.2022","4,9425","4,9655","5,0460","4,9351","115,86K","-0,46%"
"27.04.2022","4,9651","4,9992","5,0405","4,9277","155,70K","-0,68%"
"26.04.2022","4,9989","4,8777","5,0023","4,8777","107,70K","2,51%"
"25.04.2022","4,8766","4,7974","4,9491","4,7974","121,29K","1,73%"
"22.04.2022","4,7937","4,6214","4,8393","4,6214","87,37K","3,71%"
"21.04.2022","4,6220","4,6224","4,6225","4,6224","","0,00%"
"20.04.2022","4,6219","4,6663","4,6804","4,6080","78,00K","-0,98%"
"19.04.2022","4,6675","4,6536","4,6866","4,6379","82,41K","0,32%"
"18.04.2022","4,6527","4,6971","4,7091","4,6439","59,88K","-0,93%"
"15.04.2022","4,6965","4,6971","4,6971","4,6970","0,01K","-0,10%"
"14.04.2022","4,7013","4,6880","4,7418","4,6854","79,83K","0,24%"
"13.04.2022","4,6899","4,6780","4,7057","4,6511","77,50K","0,35%"
"12.04.2022","4,6735","4,6892","4,6958","4,6215","89,54K","-0,45%"
"11.04.2022","4,6944","4,7057","4,7397","4,6783","90,17K","-0,06%"
"08.04.2022","4,6970","4,7534","4,7950","4,6935","82,52K","-1,17%"
"07.04.2022","4,7524","4,7093","4,7733","4,6895","89,23K","0,77%"
"06.04.2022","4,7161","4,6523","4,7263","4,6460","95,12K","1,41%"
"05.04.2022","4,6506","4,5950","4,6742","4,5805","88,39K","1,26%"
"04.04.2022","4,5928","4,6595","4,6751","4,5885","61,19K","-1,39%"
"01.04.2022","4,6575","4,7408","4,7408","4,6525","82,68K","-1,72%"
"31.03.2022","4,7390","4,7709","4,7965","4,7216","80,74K","-0,62%"
"30.03.2022","4,7685","4,7580","4,7925","4,7253","75,89K","0,26%"
"29.03.2022","4,7561","4,7680","4,7851","4,7149","99,42K","-0,24%"
"28.03.2022","4,7675","4,7525","4,8196","4,7326","86,53K","0,54%"
"25.03.2022","4,7420","4,8273","4,8298","4,7297","84,54K","-1,73%"
"24.03.2022","4,8253","4,8263","4,8591","4,7649","103,23K","-0,01%"
"23.03.2022","4,8258","4,9108","4,9214","4,8215","76,65K","-1,70%"
"22.03.2022","4,9094","4,9366","4,9514","4,9048","78,97K","-0,53%"
"21.03.2022","4,9354","5,0245","5,0299","4,9308","85,62K","-1,75%"
"18.03.2022","5,0231","5,0407","5,0761","4,9924","80,61K","-0,32%"
"17.03.2022","5,0390","5,0778","5,1080","5,0279","81,57K","-0,72%"
"16.03.2022","5,0757","5,1599","5,1599","5,0718","106,55K","-1,69%"
"15.03.2022","5,1631","5,1224","5,1700","5,0922","73,29K","0,86%"
"14.03.2022","5,1193","5,0591","5,1402","5,0373","86,61K","0,88%"
"11.03.2022","5,0745","5,0131","5,0820","4,9820","77,23K","1,27%"
"10.03.2022","5,0110","5,0150","5,0765","5,0101","82,63K","-0,03%"
"09.03.2022","5,0123","5,0286","5,0364","4,9850","88,21K","-0,94%"
"08.03.2022","5,0599","5,0813","5,1011","5,0446","117,62K","-1,01%"
"07.03.2022","5,1115","5,0785","5,1152","5,0280","99,80K","0,98%"
"04.03.2022","5,0620","5,0517","5,1018","5,0227","102,09K","0,60%"
"03.03.2022","5,0320","5,0978","5,1155","5,0189","97,21K","-1,32%"
"02.03.2022","5,0995","5,2144","5,2233","5,0867","43,07K","-1,16%"
"01.03.2022","5,1595","5,1605","5,1605","5,1605","","-0,01%"
"28.02.2022","5,1599","5,1638","5,1654","5,1601","0,02K","-0,05%"
"25.02.2022","5,1623","5,1200","5,1810","5,0786","94,23K","0,77%"
"24.02.2022","5,1231","5,0050","5,1640","5,0050","109,51K","2,26%"
"23.02.2022","5,0097","5,0621","5,0621","4,9939","76,78K","-0,96%"
"22.02.2022","5,0583","5,1080","5,1080","5,0438","89,78K","-0,89%"
"21.02.2022","5,1036","5,1374","5,1552","5,0746","69,14K","-0,68%"
"18.02.2022","5,1385","5,1718","5,1766","5,1088","82,29K","-0,64%"
"17.02.2022","5,1718","5,1360","5,1840","5,1239","74,30K","0,69%"
"16.02.2022","5,1365","5,1601","5,1782","5,1225","81,54K","-0,44%"
"15.02.2022","5,1590","5,2188","5,2212","5,1585","80,07K","-1,07%"
"14.02.2022","5,2149","5,2560","5,2670","5,1954","98,44K","-0,72%"
"11.02.2022","5,2527","5,2365","5,2659","5,1805","113,44K","0,06%"
"10.02.2022","5,2496","5,2389","5,2557","5,1728","111,97K","0,27%"
"09.02.2022","5,2354","5,2600","5,2910","5,2126","74,37K","-0,45%"
"08.02.2022","5,2593","5,2634","5,2900","5,2508","67,62K","-0,08%"
"07.02.2022","5,2636","5,3260","5,3283","5,2492","72,48K","-1,21%"
"04.02.2022","5,3279","5,3027","5,3510","5,2778","86,45K","0,83%"
"03.02.2022","5,2839","5,2765","5,3233","5,2717","87,80K","0,42%"
"02.02.2022","5,2620","5,2687","5,3151","5,2540","62,25K","-0,07%"
"01.02.2022","5,2655","5,2984","5,3182","5,2639","75,45K","-0,73%"
"31.01.2022","5,3041","5,3698","5,3981","5,2837","85,28K","-1,18%"
"28.01.2022","5,3674","5,4099","5,4331","5,3664","89,11K","-0,72%"
"27.01.2022","5,4065","5,4336","5,4355","5,3532","108,44K","-0,48%"
"26.01.2022","5,4324","5,4456","5,4677","5,3919","95,55K","-0,21%"
"25.01.2022","5,4437","5,4880","5,5221","5,4278","92,16K","-0,80%"
"24.01.2022","5,4877","5,4528","5,5251","5,4528","112,20K","0,54%"
"21.01.2022","5,4582","5,4220","5,4753","5,4035","104,55K","0,72%"
"20.01.2022","5,4191","5,4428","5,4620","5,3790","87,17K","-0,35%"
"19.01.2022","5,4383","5,5485","5,5527","5,4372","86,80K","-2,30%"
"18.01.2022","5,5666","5,5217","5,5832","5,5043","77,79K","0,91%"
"17.01.2022","5,5165","5,5352","5,5390","5,4940","45,33K","-0,32%"
"14.01.2022","5,5344","5,5287","5,5537","5,5081","77,47K","0,10%"
"13.01.2022","5,5286","5,5350","5,5560","5,5005","73,25K","-0,09%"
"12.01.2022","5,5338","5,5660","5,6012","5,5196","80,10K","-0,62%"
"11.01.2022","5,5686","5,6657","5,6761","5,5635","77,83K","-1,67%"
"10.01.2022","5,6633","5,6340","5,6930","5,6286","60,86K","0,49%"
"07.01.2022","5,6355","5,6869","5,7107","5,6191","70,87K","-0,84%"
"06.01.2022","5,6834","5,6878","5,7255","5,6694","80,38K","-0,44%"
"05.01.2022","5,7087","5,6774","5,7242","5,6419","84,55K","0,56%"
"04.01.2022","5,6770","5,6667","5,7113","5,6372","82,13K","-0,08%"
"03.01.2022","5,6818","5,5668","5,6827","5,5565","68,61K","2,00%"
"31.12.2021","5,5703","5,5715","5,5717","5,5711","","-0,01%"
"30.12.2021","5,5710","5,6957","5,7039","5,5470","79,86K","-2,32%"
"29.12.2021","5,7032","5,6356","5,7105","5,6235","53,92K","1,33%"
"28.12.2021","5,6283","5,6263","5,6628","5,6195","58,79K","0,06%"
"27.12.2021","5,6249","5,6701","5,7067","5,6236","57,67K","-0,88%"
"24.12.2021","5,6750","5,6753","5,6753","5,6753","0,00K","0,00%"
"23.12.2021","5,6749","5,6554","5,7194","5,6259","65,47K","0,37%"
"22.12.2021","5,6540","5,7425","5,7442","5,6471","58,08K","-1,59%"
"21.12.2021","5,7451","5,7417","5,7578","5,7112","59,06K","0,05%"
"20.12.2021","5,7420","5,7141","5,7467","5,6892","73,83K","0,81%"
"17.12.2021","5,6959","5,6887","5,7167","5,6610","70,97K","0,13%"
"16.12.2021","5,6884","5,6693","5,7256","5,6589","79,16K","0,14%"
"15.12.2021","5,6806","5,6873","5,7364","5,6574","87,11K","-0,02%"
"14.12.2021","5,6815","5,6682","5,6986","5,6179","68,43K","0,02%"
"13.12.2021","5,6804","5,6105","5,6813","5,6012","60,01K","1,21%"
"10.12.2021","5,6127","5,5600","5,6358","5,5580","67,76K","0,72%"
"09.12.2021","5,5727","5,5374","5,5999","5,5176","65,64K","0,72%"
"08.12.2021","5,5327","5,6027","5,6364","5,5256","73,52K","-1,43%"
"07.12.2021","5,6128","5,6890","5,6890","5,6085","73,12K","-1,34%"
"06.12.2021","5,6891","5,6532","5,7029","5,6350","74,38K","0,64%"
"03.12.2021","5,6532","5,6514","5,6864","5,6007","104,84K","0,12%"
"02.12.2021","5,6462","5,6632","5,6791","5,6139","98,57K","-0,87%"
"01.12.2021","5,6955","5,6243","5,6959","5,5770","83,43K","1,27%"
"30.11.2021","5,6239","5,6037","5,6704","5,5779","91,94K","0,40%"
"29.11.2021","5,6017","5,6085","5,6403","5,5794","63,30K","-0,14%"
"26.11.2021","5,6093","5,6561","5,6561","5,5719","86,29K","0,77%"
"25.11.2021","5,5664","5,5926","5,5991","5,5479","46,00K","-0,71%"
"24.11.2021","5,6061","5,5712","5,6235","5,5540","79,82K","0,63%"
"23.11.2021","5,5712","5,5854","5,6636","5,5672","81,61K","-0,27%"
"22.11.2021","5,5865","5,6013","5,6144","5,5620","65,81K","-0,48%"
"19.11.2021","5,6135","5,5782","5,6151","5,5207","71,11K","1,01%"
"18.11.2021","5,5576","5,5291","5,5775","5,5238","67,63K","0,51%"
"17.11.2021","5,5292","5,4986","5,5359","5,4655","86,98K","0,48%"
"16.11.2021","5,5028","5,4591","5,5093","5,4296","84,35K","0,83%"
"15.11.2021","5,4575","5,4570","5,4580","5,4570","0,01K","-0,02%"
"12.11.2021","5,4588","5,4044","5,4687","5,3927","66,90K","1,11%"
"11.11.2021","5,3989","5,4945","5,4945","5,3879","60,63K","-1,68%"
"10.11.2021","5,4910","5,5010","5,5103","5,4357","81,55K","0,19%"
"09.11.2021","5,4804","5,5477","5,5495","5,4559","79,60K","-1,15%"
"08.11.2021","5,5440","5,5667","5,5979","5,5328","57,87K","0,02%"
"05.11.2021","5,5428","5,5988","5,6075","5,5013","82,66K","-1,06%"
"04.11.2021","5,6020","5,5881","5,6281","5,5627","80,61K","0,89%"
"03.11.2021","5,5525","5,6808","5,7000","5,5447","117,85K","-2,24%"
"02.11.2021","5,6795","5,6850","5,6850","5,6800","","-0,04%"
"01.11.2021","5,6815","5,6221","5,6889","5,6206","76,19K","0,79%"
"29.10.2021","5,6372","5,6464","5,6636","5,5972","106,78K","-0,16%"
"28.10.2021","5,6464","5,5375","5,6636","5,5367","91,21K","1,96%"
"27.10.2021","5,5380","5,5668","5,5924","5,5367","92,77K","-0,51%"
"26.10.2021","5,5666","5,5557","5,6068","5,5466","94,28K","0,19%"
"25.10.2021","5,5563","5,6534","5,6587","5,5367","82,92K","-1,61%"
"22.10.2021","5,6474","5,6584","5,7547","5,6214","106,51K","-0,18%"
"21.10.2021","5,6577","5,5987","5,6907","5,5980","114,69K","1,08%"
"20.10.2021","5,5975","5,5851","5,6026","5,5199","116,34K","0,23%"
"19.10.2021","5,5844","5,5128","5,6125","5,5128","103,45K","1,32%"
"18.10.2021","5,5117","5,4576","5,5434","5,4576","78,21K","0,93%"
"15.10.2021","5,4611","5,5139","5,5139","5,4337","75,82K","-0,94%"
"14.10.2021","5,5132","5,5139","5,5308","5,4670","85,68K","0,00%"
"13.10.2021","5,5133","5,5368","5,5737","5,4989","103,23K","-0,35%"
"12.10.2021","5,5325","5,5370","5,5372","5,5328","0,01K","-0,08%"
"11.10.2021","5,5367","5,5073","5,5446","5,4946","80,33K","0,52%"
"08.10.2021","5,5082","5,5187","5,5324","5,4768","105,08K","-0,19%"
"07.10.2021","5,5188","5,4937","5,5295","5,4667","98,04K","0,50%"
"06.10.2021","5,4912","5,4770","5,5381","5,4755","124,78K","0,30%"
"05.10.2021","5,4748","5,4547","5,4880","5,4239","95,97K","0,39%"
"04.10.2021","5,4535","5,3614","5,4593","5,3614","103,70K","1,69%"
"01.10.2021","5,3628","5,4432","5,4432","5,3527","77,20K","-1,47%"
"30.09.2021","5,4428","5,4121","5,4767","5,3668","136,06K","0,51%"
"29.09.2021","5,4152","5,4292","5,4471","5,3913","110,85K","-0,26%"
"28.09.2021","5,4293","5,3920","5,4521","5,3863","107,57K","0,70%"
"27.09.2021","5,3914","5,3384","5,3946","5,3066","87,73K","1,07%"
"24.09.2021","5,3344","5,3039","5,3550","5,3023","72,83K","0,59%"
"23.09.2021","5,3030","5,2618","5,3124","5,2561","83,22K","0,27%"
"22.09.2021","5,2888","5,2707","5,3192","5,2495","110,07K","0,36%"
"21.09.2021","5,2699","5,3252","5,3374","5,2626","109,07K","-1,02%"
"20.09.2021","5,3240","5,2851","5,3779","5,2849","112,77K","0,68%"
"17.09.2021","5,2883","5,2568","5,3473","5,2509","84,53K","0,66%"
"16.09.2021","5,2535","5,2376","5,2802","5,2315","81,48K","0,61%"
"15.09.2021","5,2219","5,2408","5,2722","5,2149","76,31K","-0,34%"
"14.09.2021","5,2398","5,2394","5,2642","5,1980","101,04K","0,49%"
"13.09.2021","5,2144","5,2490","5,2659","5,2008","107,23K","-0,59%"
"10.09.2021","5,2454","5,1677","5,2712","5,1637","90,68K","0,92%"
"09.09.2021","5,1976","5,3252","5,3347","5,1930","125,46K","-2,33%"
"08.09.2021","5,3214","5,2016","5,3345","5,1955","79,55K","2,94%"
"07.09.2021","5,1692","5,1706","5,1708","5,1704","","0,00%"
"06.09.2021","5,1693","5,1920","5,2126","5,1548","46,65K","-0,41%"
"03.09.2021","5,1908","5,1830","5,2018","5,1310","89,28K","0,17%"
"02.09.2021","5,1819","5,1864","5,2013","5,1421","71,24K","-0,08%"
"01.09.2021","5,1858","5,1694","5,1984","5,1417","89,93K","0,71%"
"31.08.2021","5,1492","5,1845","5,1973","5,1155","78,31K","-0,67%"
"30.08.2021","5,1840","5,1999","5,2266","5,1818","78,41K","-0,30%"
"27.08.2021","5,1996","5,2577","5,2616","5,1869","86,03K","-1,00%"
"26.08.2021","5,2522","5,2097","5,2676","5,2097","92,89K","0,78%"
"25.08.2021","5,2117","5,2482","5,2710","5,2058","88,43K","-0,66%"
"24.08.2021","5,2463","5,3801","5,3828","5,2452","86,62K","-2,49%"
"23.08.2021","5,3802","5,3795","5,4024","5,3440","85,95K","0,06%"
"20.08.2021","5,3770","5,4155","5,4758","5,3656","105,85K","-0,69%"
"19.08.2021","5,4142","5,4188","5,4560","5,3795","136,01K","0,65%"
"18.08.2021","5,3794","5,2839","5,3974","5,2626","112,94K","1,60%"
"17.08.2021","5,2948","5,2820","5,3046","5,2359","106,12K","0,67%"
"16.08.2021","5,2595","5,2439","5,2971","5,2285","84,12K","0,25%"
"13.08.2021","5,2466","5,2532","5,2816","5,2198","87,19K","-0,11%"
"12.08.2021","5,2524","5,2193","5,2617","5,2089","95,19K","0,65%"
"11.08.2021","5,2185","5,1899","5,2348","5,1636","101,17K","0,56%"
"10.08.2021","5,1895","5,2334","5,2631","5,1847","107,03K","-0,83%"
"09.08.2021","5,2331","5,2325","5,2993","5,2146","107,42K","0,06%"
"06.08.2021","5,2301","5,2467","5,2757","5,2050","111,19K","-0,36%"
"05.08.2021","5,2488","5,1700","5,2586","5,1101","117,07K","1,55%"
"04.08.2021","5,1685","5,1975","5,2463","5,1649","91,69K","-0,54%"
"03.08.2021","5,1967","5,1708","5,2750","5,1651","113,38K","0,43%"
"02.08.2021","5,1747","5,2158","5,2194","5,1136","101,53K","-0,72%"
"30.07.2021","5,2123","5,0773","5,2287","5,0754","89,74K","2,58%"
"29.07.2021","5,0812","5,1166","5,1166","5,0406","92,46K","-0,67%"
"28.07.2021","5,1157","5,1710","5,1926","5,1039","112,11K","-1,03%"
"27.07.2021","5,1690","5,1770","5,2061","5,1486","92,09K","-0,14%"
"26.07.2021","5,1761","5,2051","5,2303","5,1516","68,85K","-0,47%"
"23.07.2021","5,2006","5,1858","5,2332","5,1584","97,04K","0,01%"
"22.07.2021","5,2003","5,1887","5,2249","5,1670","98,02K","0,25%"
"21.07.2021","5,1874","5,2413","5,2782","5,1806","97,75K","-0,63%"
"20.07.2021","5,2205","5,2526","5,2950","5,2018","102,82K","-0,60%"
"19.07.2021","5,2519","5,1185","5,2591","5,1185","121,33K","2,68%"
"16.07.2021","5,1147","5,1130","5,1281","5,0742","100,78K","0,09%"
"15.07.2021","5,1100","5,0716","5,1389","5,0530","102,67K","0,78%"
"14.07.2021","5,0706","5,1638","5,1656","5,0666","98,52K","-1,77%"
"13.07.2021","5,1622","5,1747","5,2233","5,1479","97,98K","-0,21%"
"12.07.2021","5,1730","5,2586","5,2850","5,1630","78,48K","-1,61%"
"09.07.2021","5,2579","5,2579","5,2579","5,2579","","0,00%"
"08.07.2021","5,2579","5,2315","5,3145","5,2187","108,74K","0,50%"
"07.07.2021","5,2315","5,1969","5,2815","5,1696","99,80K","0,67%"
"06.07.2021","5,1969","5,0969","5,2176","5,0753","89,93K","2,08%"
"05.07.2021","5,0910","5,0551","5,1007","5,0459","58,17K","0,66%"
"02.07.2021","5,0575","5,0507","5,0745","4,9875","79,12K","0,20%"
"01.07.2021","5,0476","4,9705","5,0558","4,9467","96,93K","1,59%"
"30.06.2021","4,9686","4,9566","5,0242","4,9527","82,78K","0,26%"
"29.06.2021","4,9559","4,9325","4,9714","4,9209","69,87K","0,64%"
"28.06.2021","4,9244","4,9308","4,9724","4,9171","75,97K","-0,18%"
"25.06.2021","4,9335","4,9143","4,9750","4,8929","78,08K","0,40%"
"24.06.2021","4,9137","4,9671","4,9720","4,8978","80,80K","-1,07%"
"23.06.2021","4,9667","4,9578","4,9802","4,9373","87,44K","0,19%"
"22.06.2021","4,9574","5,0143","5,0459","4,9569","79,06K","-1,11%"
"21.06.2021","5,0130","5,0753","5,0824","5,0129","75,28K","-1,50%"
"18.06.2021","5,0894","5,0077","5,1100","4,9815","173,66K","1,67%"
"17.06.2021","5,0059","5,0587","5,0760","5,0068","145,85K","-0,96%"
"16.06.2021","5,0545","5,0436","5,0821","4,9922","157,86K","0,21%"
"15.06.2021","5,0437","5,0601","5,1052","5,0378","115,38K","-0,32%"
"14.06.2021","5,0601","5,1152","5,1190","5,0539","90,90K","-1,11%"
"11.06.2021","5,1171","5,0590","5,1395","5,0530","109,84K","1,22%"
"10.06.2021","5,0552","5,0650","5,0922","5,0323","128,46K","-0,14%"
"09.06.2021","5,0621","5,0363","5,0863","5,0181","112,00K","0,59%"
"08.06.2021","5,0325","5,0467","5,0689","5,0205","101,33K","-0,25%"
"07.06.2021","5,0451","5,0466","5,0703","5,0172","101,83K","-0,09%"
"04.06.2021","5,0495","5,1135","5,1155","5,0320","111,35K","-0,55%"
"03.06.2021","5,0775","5,0787","5,0787","5,0780","0,02K","0,04%"
"02.06.2021","5,0754","5,1515","5,1755","5,0671","114,79K","-1,47%"
"01.06.2021","5,1509","5,2210","5,2212","5,1399","103,78K","-1,27%"
"31.05.2021","5,2172","5,2227","5,2633","5,1982","69,48K","-0,14%"
"28.05.2021","5,2244","5,2400","5,2664","5,2089","50,56K","-0,27%"
"27.05.2021","5,2383","5,3121","5,3133","5,2346","130,09K","-1,38%"
"26.05.2021","5,3115","5,3290","5,3435","5,2867","99,80K","-0,37%"
"25.05.2021","5,3312","5,3203","5,3475","5,2941","110,56K","0,26%"
"24.05.2021","5,3175","5,3665","5,3746","5,3095","94,87K","-0,82%"
"21.05.2021","5,3617","5,2844","5,3711","5,2704","117,38K","1,50%"
"20.05.2021","5,2825","5,3097","5,3109","5,2699","113,45K","-0,51%"
"19.05.2021","5,3094","5,2608","5,3261","5,2586","157,46K","0,93%"
"18.05.2021","5,2605","5,2753","5,2814","5,2299","124,01K","-0,24%"
"17.05.2021","5,2729","5,2725","5,3205","5,2443","126,95K","0,00%"
"14.05.2021","5,2728","5,3090","5,3090","5,2442","119,09K","-0,68%"
"13.05.2021","5,3090","5,3043","5,3332","5,2519","159,84K","0,05%"
"12.05.2021","5,3061","5,2227","5,3199","5,2105","162,59K","1,63%"
"11.05.2021","5,2208","5,2273","5,2823","5,2031","143,00K","-0,12%"
"10.05.2021","5,2272","5,2340","5,2526","5,1964","122,87K","-0,18%"
"07.05.2021","5,2368","5,2768","5,2952","5,2026","128,10K","-0,74%"
"06.05.2021","5,2760","5,3573","5,3752","5,2567","138,96K","-1,46%"
"05.05.2021","5,3542","5,4455","5,4478","5,3512","122,08K","-1,64%"
"04.05.2021","5,4435","5,4398","5,4843","5,4114","124,90K","0,03%"
"03.05.2021","5,4420","5,4360","5,4561","5,3727","119,13K","0,10%"
"30.04.2021","5,4366","5,3384","5,4489","5,3351","138,67K","1,86%"
"29.04.2021","5,3375","5,3428","5,3798","5,3275","130,19K","-0,10%"
"28.04.2021","5,3430","5,4526","5,4561","5,3429","150,99K","-1,95%"
"27.04.2021","5,4490","5,4366","5,4673","5,4098","139,03K","0,23%"
"26.04.2021","5,4364","5,4758","5,4904","5,4318","127,29K","-0,71%"
"23.04.2021","5,4751","5,4445","5,5240","5,4239","135,51K","0,56%"
"22.04.2021","5,4448","5,5669","5,5669","5,4373","170,09K","-2,23%"
"21.04.2021","5,5690","5,5692","5,5695","5,5692","0,00K","0,01%"
"20.04.2021","5,5687","5,5461","5,5883","5,5022","141,46K","0,41%"
"19.04.2021","5,5461","5,5873","5,6224","5,5262","143,03K","-0,76%"
"16.04.2021","5,5883","5,6142","5,6781","5,5657","128,32K","-0,50%"
"15.04.2021","5,6162","5,6540","5,6604","5,5952","126,64K","-0,64%"
"14.04.2021","5,6526","5,7180","5,7360","5,6452","137,43K","-1,12%"
"13.04.2021","5,7166","5,7340","5,7562","5,6629","130,08K","-0,29%"
"12.04.2021","5,7333","5,6822","5,7425","5,6300","106,38K","0,90%"
"09.04.2021","5,6821","5,5681","5,6852","5,5665","95,99K","1,98%"
"08.04.2021","5,5720","5,6136","5,6174","5,5382","118,68K","-0,75%"
"07.04.2021","5,6143","5,5905","5,6551","5,5474","121,65K","0,43%"
"06.04.2021","5,5904","5,6642","5,6699","5,5742","105,80K","-1,29%"
"05.04.2021","5,6632","5,7100","5,7102","5,6323","102,60K","-0,78%"
"02.04.2021","5,7075","5,7080","5,7080","5,7080","","0,01%"
"01.04.2021","5,7071","5,6330","5,7276","5,6081","77,22K","1,34%"
"31.03.2021","5,6315","5,7740","5,7768","5,6214","99,02K","-2,48%"
"30.03.2021","5,7745","5,7824","5,8034","5,7200","120,72K","-0,09%"
"29.03.2021","5,7799","5,7550","5,8069","5,7360","135,47K","0,40%"
"26.03.2021","5,7566","5,6473","5,7589","5,6448","122,43K","1,93%"
"25.03.2021","5,6475","5,6213","5,6821","5,6174","182,57K","0,47%"
"24.03.2021","5,6209","5,5216","5,6432","5,4891","153,97K","1,80%"
"23.03.2021","5,5214","5,5046","5,5509","5,4640","132,80K","0,31%"
"22.03.2021","5,5045","5,5087","5,5483","5,4936","103,85K","0,23%"
"19.03.2021","5,4917","5,5609","5,5640","5,4483","143,97K","-1,24%"
"18.03.2021","5,5604","5,5860","5,5860","5,4763","139,47K","-0,41%"
"17.03.2021","5,5832","5,6249","5,6827","5,5688","156,81K","-0,74%"
"16.03.2021","5,6246","5,6252","5,6345","5,5573","128,71K","0,16%"
"15.03.2021","5,6156","5,5501","5,6568","5,5310","131,95K","1,15%"
"12.03.2021","5,5518","5,5362","5,5874","5,5324","109,58K","0,29%"
"11.03.2021","5,5357","5,6078","5,6215","5,5257","133,82K","-2,40%"
"10.03.2021","5,6720","5,7903","5,8144","5,6443","180,37K","-2,25%"
"09.03.2021","5,8025","5,8753","5,8788","5,7676","186,79K","-1,24%"
"08.03.2021","5,8755","5,6898","5,8769","5,6898","206,04K","3,25%"
"05.03.2021","5,6908","5,6697","5,7233","5,6517","200,72K","0,38%"
"04.03.2021","5,6693","5,5701","5,6853","5,5439","185,24K","0,89%"
"03.03.2021","5,6193","5,6872","5,7729","5,5807","183,71K","-1,00%"
"02.03.2021","5,6761","5,6422","5,7340","5,6387","132,60K","0,61%"
"01.03.2021","5,6418","5,5870","5,6427","5,5553","125,05K","0,77%"
"26.02.2021","5,5986","5,5340","5,6093","5,4905","168,11K","1,23%"
"25.02.2021","5,5308","5,4450","5,5390","5,4173","183,87K","2,30%"
"24.02.2021","5,4062","5,4409","5,4454","5,3895","136,10K","-0,64%"
"23.02.2021","5,4409","5,4692","5,4843","5,4076","201,79K","-0,46%"
"22.02.2021","5,4659","5,5127","5,5343","5,4296","151,54K","1,55%"
"19.02.2021","5,3823","5,4267","5,4706","5,3669","130,38K","-0,82%"
"18.02.2021","5,4270","5,3877","5,4536","5,3854","128,84K","0,30%"
"17.02.2021","5,4105","5,3708","5,4332","5,3708","65,79K","0,76%"
"16.02.2021","5,3695","5,3685","5,3708","5,3685","0,00K","-0,01%"
"15.02.2021","5,3698","5,3698","5,3698","5,3698","","0,00%"
"12.02.2021","5,3698","5,3953","5,4127","5,3543","116,06K","0,06%"
"11.02.2021","5,3665","5,3882","5,4118","5,3330","145,59K","-0,36%"
"10.02.2021","5,3860","5,3790","5,4378","5,3485","149,78K","0,15%"
"09.02.2021","5,3781","5,3660","5,4478","5,3536","129,78K","0,23%"
"08.02.2021","5,3657","5,4040","5,4209","5,3042","131,74K","-0,09%"
"05.02.2021","5,3704","5,4270","5,4562","5,3436","114,36K","-1,04%"
"04.02.2021","5,4266","5,3552","5,4571","5,3544","124,01K","1,37%"
"03.02.2021","5,3534","5,3663","5,3945","5,3202","127,33K","-0,27%"
"02.02.2021","5,3680","5,4326","5,4326","5,3426","138,24K","-1,18%"
"01.02.2021","5,4322","5,4663","5,4863","5,4206","121,40K","-0,55%"
"29.01.2021","5,4625","5,4390","5,5061","5,4189","185,91K","0,40%"
"28.01.2021","5,4410","5,4250","5,4604","5,3898","187,81K","0,50%"
"27.01.2021","5,4138","5,3556","5,4205","5,3491","202,31K","1,09%"
"26.01.2021","5,3552","5,4712","5,4783","5,3119","134,58K","-2,04%"
"25.01.2021","5,4665","5,4670","5,4670","5,4670","","0,00%"
"22.01.2021","5,4666","5,3547","5,4875","5,3547","117,18K","2,17%"
"21.01.2021","5,3506","5,2544","5,4006","5,2314","123,90K","1,11%"
"20.01.2021","5,2917","5,3589","5,3589","5,2823","104,34K","-1,23%"
"19.01.2021","5,3578","5,2691","5,3684","5,2419","128,83K","1,17%"
"18.01.2021","5,2957","5,3025","5,3229","5,2356","74,51K","0,06%"
"15.01.2021","5,2927","5,1971","5,3108","5,1971","126,16K","1,85%"
"14.01.2021","5,1967","5,2992","5,3034","5,1910","160,39K","-1,93%"
"13.01.2021","5,2990","5,3233","5,3550","5,2702","179,94K","-0,44%"
"12.01.2021","5,3226","5,4893","5,4941","5,3116","156,05K","-3,03%"
"11.01.2021","5,4890","5,4666","5,5166","5,4491","154,34K","1,31%"
"08.01.2021","5,4178","5,4108","5,4407","5,3208","191,81K","0,14%"
"07.01.2021","5,4101","5,3169","5,4187","5,2989","169,63K","1,81%"
"06.01.2021","5,3139","5,2863","5,3598","5,2318","225,65K","0,54%"
"05.01.2021","5,2854","5,2955","5,3546","5,2515","179,01K","-0,22%"
"04.01.2021","5,2968","5,1351","5,2973","5,1197","163,79K","1,99%"
"01.01.2021","5,1937","5,1937","5,1937","5,1937","","0,00%"
"31.12.2020","5,1937","5,1937","5,1937","5,1937","","0,00%"
"30.12.2020","5,1937","5,2051","5,2361","5,1519","88,73K","-0,31%"
"29.12.2020","5,2099","5,2460","5,2473","5,1646","105,57K","-0,69%"
"28.12.2020","5,2461","5,1784","5,3124","5,1639","101,12K","0,57%"
"25.12.2020","5,2165","5,2165","5,2165","5,2165","","0,00%"
"24.12.2020","5,2165","5,2167","5,2167","5,2167","","0,00%"
"23.12.2020","5,2164","5,1605","5,2215","5,1287","118,18K","1,10%"
"22.12.2020","5,1597","5,1220","5,1731","5,1094","135,36K","0,73%"
"21.12.2020","5,1222","5,2012","5,2250","5,1122","134,51K","0,39%"
"18.12.2020","5,1022","5,0593","5,1176","5,0593","136,13K","0,87%"
"17.12.2020","5,0582","5,0601","5,0890","5,0421","106,34K","-0,50%"
"16.12.2020","5,0838","5,0824","5,1440","5,0646","126,86K","-0,01%"
"15.12.2020","5,0842","5,1145","5,1249","5,0761","103,74K","-0,68%"
"14.12.2020","5,1189","5,0383","5,1307","5,0100","113,97K","1,05%"
"11.12.2020","5,0656","5,0438","5,0886","5,0288","117,43K","0,80%"
"10.12.2020","5,0256","5,1109","5,1328","5,0144","138,49K","-2,81%"
"09.12.2020","5,1708","5,1206","5,1981","5,0868","132,36K","0,99%"
"08.12.2020","5,1202","5,1000","5,1392","5,0627","118,78K","0,42%"
"07.12.2020","5,0990","5,1598","5,1701","5,0570","111,66K","-1,10%"
"04.12.2020","5,1557","5,1540","5,1846","5,1164","106,16K","0,08%"
"03.12.2020","5,1515","5,2178","5,2310","5,1209","117,93K","-1,26%"
"02.12.2020","5,2175","5,2252","5,2555","5,2059","103,51K","0,22%"
"01.12.2020","5,2061","5,3158","5,3301","5,2031","122,34K","-2,36%"
"30.11.2020","5,3319","5,2906","5,3971","5,2737","121,58K","-0,22%"
"27.11.2020","5,3438","5,3360","5,3802","5,3195","69,73K","0,14%"
"26.11.2020","5,3365","5,3198","5,3584","5,2956","48,26K","0,24%"
"25.11.2020","5,3237","5,3740","5,3956","5,3037","100,20K","-0,93%"
"24.11.2020","5,3736","5,4410","5,4450","5,3704","91,58K","-1,20%"
"23.11.2020","5,4390","5,3780","5,4507","5,3388","119,52K","1,10%"
"20.11.2020","5,3797","5,2913","5,3959","5,2848","99,71K","1,40%"
"19.11.2020","5,3054","5,3634","5,3805","5,2972","112,58K","-1,07%"
"18.11.2020","5,3629","5,3285","5,3725","5,2740","126,97K","0,65%"
"17.11.2020","5,3281","5,4165","5,4233","5,3221","120,52K","-1,61%"
"16.11.2020","5,4152","5,4148","5,4585","5,3637","133,56K","-0,79%"
"13.11.2020","5,4582","5,4580","5,5264","5,4497","122,14K","0,00%"
"12.11.2020","5,4581","5,4160","5,4905","5,3526","138,19K","1,24%"
"11.11.2020","5,3910","5,4180","5,4571","5,3737","121,57K","-0,44%"
"10.11.2020","5,4147","5,3736","5,4190","5,3345","192,18K","0,54%"
"09.11.2020","5,3858","5,2746","5,4260","5,2235","202,44K","0,39%"
"06.11.2020","5,3647","5,5255","5,5742","5,3585","166,00K","-2,90%"
"05.11.2020","5,5250","5,6129","5,6310","5,5223","146,37K","-2,45%"
"04.11.2020","5,6635","5,7565","5,7655","5,6434","134,76K","-1,61%"
"03.11.2020","5,7560","5,6964","5,7668","5,6488","107,43K","0,24%"
"02.11.2020","5,7425","5,7430","5,7430","5,7430","","-0,04%"
"30.10.2020","5,7446","5,7781","5,8084","5,7217","169,76K","-0,60%"
"29.10.2020","5,7790","5,7466","5,7923","5,7439","151,21K","0,58%"
"28.10.2020","5,7457","5,7060","5,7928","5,7017","200,63K","0,70%"
"27.10.2020","5,7055","5,6243","5,7127","5,5987","102,77K","1,47%"
"26.10.2020","5,6229","5,6551","5,6638","5,6099","119,59K","0,10%"
"23.10.2020","5,6175","5,5929","5,6355","5,5652","103,42K","0,50%"
"22.10.2020","5,5893","5,6088","5,6264","5,5627","118,23K","-0,31%"
"21.10.2020","5,6066","5,6058","5,6294","5,5707","130,39K","0,02%"
"20.10.2020","5,6054","5,6103","5,6267","5,5472","130,23K","-0,03%"
"19.10.2020","5,6069","5,6463","5,6503","5,5665","123,91K","-0,64%"
"16.10.2020","5,6428","5,6097","5,6549","5,5975","104,67K","0,54%"
"15.10.2020","5,6126","5,5958","5,6483","5,5886","144,04K","0,38%"
"14.10.2020","5,5912","5,5729","5,6055","5,5349","127,89K","0,39%"
"13.10.2020","5,5693","5,5263","5,6262","5,5210","131,78K","0,68%"
"12.10.2020","5,5316","5,5316","5,5316","5,5316","","0,00%"
"09.10.2020","5,5318","5,6000","5,6014","5,5104","116,89K","-1,19%"
"08.10.2020","5,5987","5,6128","5,6469","5,5761","132,28K","-0,20%"
"07.10.2020","5,6097","5,5614","5,6396","5,5508","153,56K","0,30%"
"06.10.2020","5,5930","5,5745","5,6174","5,4830","174,53K","0,34%"
"05.10.2020","5,5743","5,6498","5,6774","5,5500","122,12K","-1,95%"
"02.10.2020","5,6851","5,6433","5,6929","5,6072","168,04K","0,73%"
"01.10.2020","5,6437","5,6109","5,6652","5,5739","148,01K","0,58%"
"30.09.2020","5,6112","5,6352","5,6705","5,5870","183,30K","-0,41%"
"29.09.2020","5,6344","5,6615","5,6786","5,6061","163,25K","-0,50%"
"28.09.2020","5,6627","5,5135","5,6760","5,5127","130,06K","1,80%"
"25.09.2020","5,5624","5,5098","5,5890","5,5098","139,29K","0,97%"
"24.09.2020","5,5089","5,5930","5,6243","5,4926","177,56K","-1,53%"
"23.09.2020","5,5943","5,4702","5,5991","5,4700","136,86K","2,26%"
"22.09.2020","5,4704","5,4147","5,4968","5,3828","150,16K","1,06%"
"21.09.2020","5,4131","5,4511","5,4979","5,3876","142,42K","0,47%"
"18.09.2020","5,3876","5,2398","5,3989","5,2391","129,11K","2,83%"
"17.09.2020","5,2394","5,2379","5,2924","5,2264","128,05K","0,03%"
"16.09.2020","5,2377","5,2762","5,2785","5,2103","136,75K","-0,70%"
"15.09.2020","5,2748","5,2698","5,3016","5,2192","126,53K","0,08%"
"14.09.2020","5,2706","5,3191","5,3234","5,2613","108,01K","-0,91%"
"11.09.2020","5,3189","5,3209","5,3495","5,2583","120,76K","-0,04%"
"10.09.2020","5,3210","5,3096","5,3325","5,2681","130,50K","0,25%"
"09.09.2020","5,3078","5,3614","5,3620","5,2784","103,16K","-1,04%"
"08.09.2020","5,3638","5,3607","5,4097","5,3156","147,82K","1,21%"
"07.09.2020","5,2995","5,2995","5,2995","5,2995","","-0,03%"
"04.09.2020","5,3012","5,2901","5,3285","5,2465","145,33K","0,19%"
"03.09.2020","5,2914","5,3408","5,3752","5,2722","150,52K","-0,92%"
"02.09.2020","5,3403","5,3987","5,4309","5,3407","125,49K","-1,03%"
"01.09.2020","5,3960","5,4927","5,4927","5,3344","110,74K","-1,74%"
"31.08.2020","5,4914","5,3850","5,4955","5,3850","99,21K","1,92%"
"28.08.2020","5,3881","5,5701","5,5702","5,3855","113,32K","-3,25%"
"27.08.2020","5,5691","5,6060","5,6223","5,5435","141,64K","-0,65%"
"26.08.2020","5,6054","5,5090","5,6342","5,5089","106,65K","1,78%"
"25.08.2020","5,5075","5,6112","5,6136","5,5049","102,60K","-1,83%"
"24.08.2020","5,6100","5,5772","5,6148","5,5589","88,21K","-0,16%"
"21.08.2020","5,6192","5,5587","5,6332","5,5555","102,64K","1,12%"
"20.08.2020","5,5568","5,5573","5,6733","5,5382","126,75K","-0,01%"
"19.08.2020","5,5575","5,4674","5,5619","5,4346","107,21K","1,66%"
"18.08.2020","5,4666","5,5098","5,5168","5,4206","97,98K","-0,77%"
"17.08.2020","5,5090","5,4410","5,5150","5,4090","96,37K","1,63%"
"14.08.2020","5,4204","5,3698","5,4422","5,3572","108,86K","0,96%"
"13.08.2020","5,3690","5,4356","5,4362","5,3490","114,20K","-1,18%"
"12.08.2020","5,4333","5,3820","5,4925","5,3820","115,28K","0,99%"
"11.08.2020","5,3800","5,4809","5,4822","5,3716","129,16K","-1,85%"
"10.08.2020","5,4812","5,4396","5,4907","5,3518","103,33K","0,79%"
"07.08.2020","5,4383","5,3442","5,4394","5,3401","94,66K","2,00%"
"06.08.2020","5,3315","5,2915","5,3721","5,2915","97,53K","0,78%"
"05.08.2020","5,2902","5,2440","5,3203","5,2317","105,88K","0,00%"
"04.08.2020","5,2900","5,3205","5,3775","5,2744","104,60K","-0,59%"
"03.08.2020","5,3213","5,2223","5,3364","5,2115","90,48K","1,86%"
"31.07.2020","5,2240","5,1541","5,2298","5,1531","100,17K","1,37%"
"30.07.2020","5,1534","5,1706","5,2165","5,1435","103,91K","-0,31%"
"29.07.2020","5,1692","5,1383","5,1845","5,1145","102,56K","0,31%"
"28.07.2020","5,1533","5,1493","5,2044","5,1346","100,20K","0,17%"
"27.07.2020","5,1447","5,2332","5,2332","5,1411","93,03K","-1,69%"
"24.07.2020","5,2329","5,2128","5,2532","5,1597","131,85K","0,42%"
"23.07.2020","5,2112","5,1191","5,2262","5,1188","137,93K","1,85%"
"22.07.2020","5,1166","5,1707","5,2029","5,0828","108,58K","-1,06%"
"21.07.2020","5,1713","5,3291","5,3291","5,1647","120,19K","-2,95%"
"20.07.2020","5,3283","5,3870","5,3913","5,3269","92,53K","-1,05%"
"17.07.2020","5,3849","5,3243","5,3923","5,3156","85,14K","1,01%"
"16.07.2020","5,3311","5,3697","5,3929","5,3065","105,74K","-0,72%"
"15.07.2020","5,3698","5,3096","5,3911","5,2917","111,15K","0,04%"
"14.07.2020","5,3674","5,4032","5,4543","5,3306","147,55K","-0,68%"
"13.07.2020","5,4040","5,3130","5,4098","5,3105","105,92K","1,51%"
"10.07.2020","5,3238","5,3390","5,3946","5,3129","123,63K","-0,33%"
"09.07.2020","5,3413","5,3450","5,3789","5,2450","135,24K","-0,02%"
"08.07.2020","5,3422","5,3840","5,3942","5,3178","120,12K","-0,68%"
"07.07.2020","5,3790","5,3560","5,4017","5,2880","110,18K","0,43%"
"06.07.2020","5,3562","5,3150","5,3592","5,2609","93,06K","0,76%"
"03.07.2020","5,3158","5,3523","5,3807","5,3047","67,23K","-0,82%"
"02.07.2020","5,3596","5,3185","5,3752","5,2655","113,98K","0,79%"
"01.07.2020","5,3174","5,4660","5,4763","5,2985","101,37K","-2,72%"
"30.06.2020","5,4661","5,4004","5,5082","5,4004","106,56K","1,16%"
"29.06.2020","5,4034","5,4847","5,4847","5,3893","123,46K","-1,47%"
"26.06.2020","5,4840","5,3607","5,4931","5,3607","134,75K","2,39%"
"25.06.2020","5,3561","5,3476","5,3803","5,2663","139,70K","0,18%"
"24.06.2020","5,3467","5,1525","5,3549","5,1525","141,75K","3,73%"
"23.06.2020","5,1542","5,2524","5,2537","5,1336","103,45K","-1,87%"
"22.06.2020","5,2524","5,2904","5,2968","5,1973","110,56K","-1,09%"
"19.06.2020","5,3105","5,3780","5,3821","5,2881","139,44K","-1,25%"
"18.06.2020","5,3776","5,2291","5,3884","5,2277","136,42K","2,85%"
"17.06.2020","5,2286","5,2446","5,2715","5,1814","131,61K","-0,27%"
"16.06.2020","5,2430","5,1173","5,2549","5,0478","177,79K","1,69%"
"15.06.2020","5,1557","5,1314","5,2261","5,0786","162,46K","2,08%"
"12.06.2020","5,0505","4,9774","5,1119","4,9765","176,63K","1,50%"
"11.06.2020","4,9760","4,9740","4,9765","4,9740","0,00K","0,06%"
"10.06.2020","4,9732","4,9000","4,9789","4,8380","135,72K","1,51%"
"09.06.2020","4,8992","4,8230","4,9359","4,8230","112,82K","1,58%"
"08.06.2020","4,8230","4,9620","4,9773","4,8175","102,97K","-2,73%"
"05.06.2020","4,9585","5,1187","5,1197","4,9328","119,45K","-3,14%"
"04.06.2020","5,1190","5,0624","5,1418","5,0244","130,19K","1,12%"
"03.06.2020","5,0622","5,2006","5,2110","5,0159","115,09K","-2,68%"
"02.06.2020","5,2014","5,3672","5,3700","5,1989","89,48K","-3,02%"
"01.06.2020","5,3633","5,3340","5,4196","5,3100","99,54K","0,51%"
"29.05.2020","5,3361","5,4049","5,4630","5,3189","119,11K","-1,27%"
"28.05.2020","5,4045","5,2743","5,4114","5,2743","105,35K","2,49%"
"27.05.2020","5,2733","5,3417","5,3610","5,2692","102,88K","-1,34%"
"26.05.2020","5,3450","5,4432","5,4432","5,3340","104,03K","-1,86%"
"25.05.2020","5,4461","5,4943","5,5301","5,4321","60,09K","-1,58%"
"22.05.2020","5,5338","5,5536","5,6256","5,5229","105,55K","-0,30%"
"21.05.2020","5,5507","5,6925","5,7062","5,5473","90,88K","-2,49%"
"20.05.2020","5,6925","5,7559","5,7573","5,6694","85,84K","-1,07%"
"19.05.2020","5,7540","5,7192","5,7687","5,6820","99,88K","0,61%"
"18.05.2020","5,7190","5,8565","5,8565","5,6942","82,46K","-2,33%"
"15.05.2020","5,8554","5,8110","5,8735","5,7590","118,18K","0,76%"
"14.05.2020","5,8115","5,9249","5,9718","5,8022","118,51K","-1,25%"
"13.05.2020","5,8852","5,8863","5,9440","5,8176","95,62K","-0,01%"
"12.05.2020","5,8856","5,8190","5,8950","5,7420","82,42K","1,16%"
"11.05.2020","5,8180","5,7826","5,8405","5,7651","77,67K","1,50%"
"08.05.2020","5,7319","5,8123","5,8286","5,7178","86,98K","-1,69%"
"07.05.2020","5,8307","5,7158","5,8770","5,7158","103,44K","2,04%"
"06.05.2020","5,7140","5,5749","5,7235","5,5749","71,70K","2,43%"
"05.05.2020","5,5783","5,5424","5,6044","5,4818","82,01K","0,60%"
"04.05.2020","5,5450","5,6141","5,6144","5,5187","88,46K","1,08%"
"01.05.2020","5,4856","5,4861","5,4861","5,4861","","0,00%"
"30.04.2020","5,4858","5,3346","5,4876","5,3306","86,78K","2,83%"
"29.04.2020","5,3348","5,5020","5,5281","5,3340","97,77K","-3,00%"
"28.04.2020","5,4999","5,6085","5,6221","5,4710","105,68K","-2,70%"
"27.04.2020","5,6526","5,5427","5,7260","5,5345","105,40K","1,11%"
"24.04.2020","5,5907","5,5339","5,7484","5,5339","121,53K","1,03%"
"23.04.2020","5,5335","5,4558","5,5566","5,4009","120,50K","1,38%"
"22.04.2020","5,4580","5,3185","5,4643","5,3028","86,28K","2,67%"
"21.04.2020","5,3163","5,3172","5,3176","5,3167","0,01K","-0,01%"
"20.04.2020","5,3168","5,2864","5,3202","5,2642","80,53K","1,54%"
"17.04.2020","5,2363","5,2341","5,2761","5,2067","84,20K","0,06%"
"16.04.2020","5,2333","5,2335","5,2683","5,2006","85,45K","-0,06%"
"15.04.2020","5,2367","5,2227","5,2684","5,2157","77,63K","1,45%"
"14.04.2020","5,1621","5,1812","5,2123","5,1485","77,50K","-0,72%"
"13.04.2020","5,1994","5,1219","5,2089","5,1038","72,28K","1,82%"
"10.04.2020","5,1063","5,1068","5,1068","5,1068","","-0,01%"
"09.04.2020","5,1070","5,1260","5,1534","5,0488","85,73K","-0,32%"
"08.04.2020","5,1233","5,2237","5,2489","5,1113","74,27K","-1,88%"
"07.04.2020","5,2214","5,2817","5,2868","5,1819","82,69K","-1,23%"
"06.04.2020","5,2863","5,2999","5,3114","5,2236","76,79K","-1,20%"
"03.04.2020","5,3506","5,2566","5,3541","5,2556","62,52K","1,85%"
"02.04.2020","5,2533","5,2486","5,2850","5,2220","66,62K","0,08%"
"01.04.2020","5,2493","5,2253","5,2747","5,2210","61,41K","0,86%"
"31.03.2020","5,2046","5,1881","5,2150","5,1679","74,43K","0,21%"
"30.03.2020","5,1936","5,1180","5,1960","5,1128","63,78K","1,84%"
"27.03.2020","5,0997","5,0235","5,1282","5,0235","94,83K","1,56%"
"26.03.2020","5,0212","5,0349","5,0660","4,9733","96,88K","-0,28%"
"25.03.2020","5,0353","5,0995","5,1109","4,9722","95,40K","-1,24%"
"24.03.2020","5,0983","5,1432","5,1432","5,0412","71,51K","-0,90%"
"23.03.2020","5,1444","5,0628","5,1479","5,0050","84,64K","1,61%"
"20.03.2020","5,0627","5,0011","5,0662","4,9820","77,99K","-0,65%"
"19.03.2020","5,0957","5,1098","5,2140","5,0682","67,76K","-0,21%"
"18.03.2020","5,1064","5,0103","5,2550","5,0074","55,97K","1,96%"
"17.03.2020","5,0084","5,0358","5,0873","4,9594","106,49K","0,16%"
"16.03.2020","5,0002","4,8600","5,0690","4,8600","91,75K","2,93%"
"13.03.2020","4,8580","4,7095","4,8810","4,6424","98,50K","1,40%"
"12.03.2020","4,7910","4,8149","5,0284","4,7501","47,02K","-0,47%"
"11.03.2020","4,8136","4,6400","4,8284","4,6400","95,78K","3,69%"
"10.03.2020","4,6425","4,6742","4,6874","4,6345","87,43K","-1,71%"
"09.03.2020","4,7231","4,7600","4,7943","4,7052","91,76K","2,08%"
"06.03.2020","4,6269","4,6358","4,6720","4,6108","102,73K","0,43%"
"05.03.2020","4,6073","4,5993","4,6671","4,5844","80,88K","0,49%"
"04.03.2020","4,5847","4,5140","4,5881","4,5026","68,83K","1,56%"
"03.03.2020","4,5144","4,4744","4,5184","4,4521","98,73K","0,90%"
"02.03.2020","4,4740","4,4948","4,5069","4,4690","70,01K","0,02%"
"28.02.2020","4,4733","4,5070","4,5144","4,4642","114,12K","-0,29%"
"27.02.2020","4,4861","4,4497","4,5021","4,4471","104,87K","0,81%"
"26.02.2020","4,4502","4,3884","4,4553","4,3880","57,73K","1,42%"
"25.02.2020","4,3878","4,3883","4,3888","4,3879","0,00K","0,00%"
"24.02.2020","4,3878","4,3884","4,3884","4,3883","0,00K","-0,04%"
"21.02.2020","4,3895","4,3939","4,4069","4,3712","46,31K","-0,09%"
"20.02.2020","4,3933","4,3653","4,3985","4,3580","51,08K","0,65%"
"19.02.2020","4,3649","4,3564","4,3779","4,3562","35,81K","0,21%"
"18.02.2020","4,3557","4,3280","4,3645","4,3252","37,33K","0,66%"
"17.02.2020","4,3270","4,3003","4,3320","4,2969","24,48K","0,69%"
"14.02.2020","4,2974","4,3504","4,3504","4,2906","47,43K","-1,20%"
"13.02.2020","4,3498","4,3553","4,3835","4,3081","58,31K","-0,11%"
"12.02.2020","4,3548","4,3319","4,3558","4,3232","43,05K","0,54%"
"11.02.2020","4,3316","4,3252","4,3412","4,2969","54,07K","0,16%"
"10.02.2020","4,3248","4,3210","4,3293","4,3040","42,52K","0,10%"
"07.02.2020","4,3203","4,2825","4,3241","4,2794","57,71K","0,89%"
"06.02.2020","4,2822","4,2357","4,2862","4,2086","55,57K","1,11%"
"05.02.2020","4,2353","4,2552","4,2614","4,2263","41,77K","-0,45%"
"04.02.2020","4,2545","4,2480","4,2625","4,2232","40,28K","0,16%"
"03.02.2020","4,2476","4,2816","4,2828","4,2294","41,59K","-0,80%"
"31.01.2020","4,2820","4,2438","4,2905","4,2438","66,32K","0,92%"
"30.01.2020","4,2430","4,2304","4,2727","4,2303","68,01K","0,30%"
"29.01.2020","4,2303","4,1948","4,2326","4,1814","49,77K","0,86%"
"28.01.2020","4,1943","4,2112","4,2169","4,1867","49,05K","-0,31%"
"27.01.2020","4,2074","4,1842","4,2318","4,1797","54,32K","0,62%"
"24.01.2020","4,1814","4,1707","4,1918","4,1650","47,03K","0,27%"
"23.01.2020","4,1703","4,1832","4,1907","4,1554","43,72K","-0,29%"
"22.01.2020","4,1826","4,2020","4,2058","4,1724","37,24K","-0,71%"
"21.01.2020","4,2123","4,1895","4,2178","4,1830","42,22K","0,54%"
"20.01.2020","4,1898","4,1658","4,1922","4,1629","18,50K","0,68%"
"17.01.2020","4,1616","4,1851","4,1936","4,1588","51,64K","-0,55%"
"16.01.2020","4,1847","4,1756","4,2012","4,1593","58,63K","0,23%"
"15.01.2020","4,1753","4,1323","4,1862","4,1310","49,45K","1,03%"
"14.01.2020","4,1326","4,1474","4,1618","4,1214","51,17K","-0,34%"
"13.01.2020","4,1466","4,0907","4,1469","4,0885","41,20K","1,24%"
"10.01.2020","4,0960","4,0936","4,1051","4,0615","40,92K","0,09%"
"09.01.2020","4,0925","4,0645","4,0935","4,0575","44,33K","0,68%"
"08.01.2020","4,0647","4,0676","4,0787","4,0399","51,89K","-0,07%"
"07.01.2020","4,0676","4,0620","4,0928","4,0549","36,55K","0,15%"
"06.01.2020","4,0616","4,0567","4,0746","4,0463","31,86K","-0,13%"
"03.01.2020","4,0669","4,0251","4,0720","4,0251","43,89K","1,02%"
"02.01.2020","4,0260","4,0197","4,0413","4,0038","31,67K","0,17%"
"01.01.2020","4,0190","4,0190","4,0190","4,0190","","0,00%"